Abbott,"","",""
Indoor,"","",""
Fitness Center ,"","",<0.120 U
Main Lobby ,"","",0.579 J
Outdoor ,"","",""
Fountain 1 High ,"","",<0.120 U
Fountain 1 Low ,"","",<0.120 U
Fountain 2 ,"","",<0.120 U
Fountain 3 ,"","",0.245 J
Fountain 4 ,"","",4.48 J
Ada,"","",""
Indoor,"","",""
Main Lobby ,"","",<2.0 U
Kitchen Sink ,"","",<2.0 U
Outdoor,"","",""
Fountain 1 ,"","",11.7
Fountain 2 ,"","",<0.120 U
Fountain 3 ,"","",9.63
Fountain 4 ,"","",7.57
Adams (George & Adelle),"","",""
Indoor,"","",""
Hallway ,"","",4.34 J
Kitchen Sink ,"","",5.3
Outdoor,"","",""
Fountain 1 ,"","",˂2.0 U
Fountain 2 High* ,"","",75
Fountain 2 Low* ,"","",75
Adams (John),"","",""
Indoor ,"","",""
Hallway Outside Washroom ,"","",4.02  J
Addam/Medil,"","",""
Outdoor ,"","",""
Fountain 1 ,"","",7.5
Addams Memorial (Jane),""
Outdoor ,""
Fountain 1 ,<2.0 U
Aiello,""
Outdoor,""
Fountain 1 High ,2.9 J
Fountain 1 Middle ,2.88 J
Fountain 1 Low ,3.3 J
Algonquin,""
Outdoor,""
Fountain 1 High ,6.64
Fountain 1 Middle ,6.65
Fountain 1 Low ,6.67
Altgeld,""
Indoor,""
Main Lobby - High ,4.91  J
Main Lobby - Low ,2.31  J
Basement Fitness Center ,0.35  J
Outdoor,""
Fountain 2 ,2.1 J
Fountain 3 High ,2.01 J
Fountain 3 Low ,˂0.120 U
Amundsen,""
Indoor,""
Club Room ,0.204 J
Men's Locker Room ,2.01 J
Women's Locker Room* ,53.1
Outdoor,""
Fountain 1* ,156
Anderson (Fred),""
Outdoor,""
Fountain 1 High ,˂2.0 U
Fountain 1 Low ,˂2.0 U
Fountain 2 High ,˂2.0 U
Fountain 2 Low ,˂2.0 U
Fountain 3 High ,˂2.0 U
Fountain 3 Low ,˂2.0 U
Anderson (Louis),""
Indoor,""
Lobby ,1.29 J
Outdoor ,""
Fountain 1* ,20
Andersonville,""
Outdoor ,""
Fountain 1* ,72.7
Arcade,""
Outdoor,""
Fountian 1* ,16.6
Archer,""
Indoor,""
Men's Restroom ,0.845 J
Women's Restroom ,0.771 J
Main Lobby ,0.561 J
Kitchen Sink ,<2.0 U
Outdoor,""
Fountain 1 High ,0.731 J
Fountain 1 Low ,1.2 J
Fountain 2* ,38
Fountain 3 High ,1.5 J
Fountain 3 Middle ,1.53 J
Fountain 3 Low ,1.57 J
Fountain 4 ,1.18 J
Armour Square,""
Indoor ,""
Main Lobby ,0.597  J
Girl's Gym Hallway ,<0.120  U
Game Room ,<0.120  U
Kitchen Sink ,<2.0 U
Outdoor ,""
Fountain 1 ,0.167 J
Fountain 2 High ,1.53 J
Fountain 2 Middle ,3.81 J
Fountain 2 Low ,3.37 J
Fountain 3 High ,2.51 J
Fountain 3 Low ,1.63 J
Fountain 4 High ,6.44
Fountain 4 Low ,6.25
Armstrong,""
Outdoor ,""
Fountain 1 ,<2.0 U
Ashe Beach,""
Outdoor,""
Fountain 1 High ,˂2.0 U
Fountain 1 Middle ,˂2.0 U
Fountain 1 Low ,˂2.0 U
Ashmore,""
Outdoor ,""
Fountain 1* ,32.9
Aspen,""
Outdoor ,""
Fountian 1 High ,˂2.0 U
Fountian 1 Low ,2.2
Aster,""
Outdoor,""
Fountain 1 ,9.7
Athletic Field,""
Indoor,""
Main Lobby ,2.25 J
Oudoor,""
Fountain 1* ,47.5
Fountain 2 High ,˂0.120 U
Fountain 2 Middle ,˂0.120 U
Fountain 2 Low ,˂0.120 U
Augusta,""
Indoor,""
Lobby ,10.4
Outdoor,""
Fountain 1 High ,0.769 J
Fountain 1 Middle ,0.769 J
Fountain 1 Low ,0.789 J
Austin-Foster,""
Outdoor,""
Fountain 1 High* ,20.6
Fountain 1 Low* ,51
Austin Town Hall,""
Indoor,""
Main Lobby ,<0.120  U
2nd Floor Outside Gym ,1.16  J
2nd Floor Inside Gym ,1.82  J
Pool Area ,<0.120  U
Basement Girl's Locker Room ,0.365  J
"",Basement Boy's Locker Room ,0.233  J
"",Preschool ,<0.120 U
"",Preschool Sink ,0.176 J
"",Outdoor,""
"",Fountain 1 ,2.41 J
Avalon,"",""
"",Indoor,""
"",Main Lobby ,0.274  J
"",Near Kitchen ,2.52  J
"",Girl's Locker Room ,1.65  J
"",Boy's Locker Room ,5.01
"",Outdoor,""
"",Fountain 1 ,7.9
"",Fountain 2 High ,˂2.0 U
"",Fountain 2 Low ,2.7
"",Fountain 3 High* ,1800
"",Fountain 3 Low* ,1200
"",Fountain 4 High* ,270
"",Fountain 4 Low* ,400
"",Fountain 5 High* ,150
"",Fountain 5 Low* ,170
"",Fountain 6 High* ,8.2
"",Fountain 6 Low* ,15
Avondale,"",""
"",Indoor,""
"",Main Lobby ,0.909 J
"",Outdoor,""
"",Fountain 1 ,0.457 J
"",Fountain 2 ,9.52
Barnard,"",""
"",Outdoor ,""
"",Fountain 1 ,14
"",Fountain 2 High* ,6.11
"",Fountain 2 Low* ,15.5
Barrett,"",""
"",Outdoor,""
"",Fountain 1 ,2.6
Bartelme,"",""
"",Outdoor ,""
"",Fountain 1 High ,˂2.0 U
"",Fountain 1 Middle ,˂2.0 U
"",Fountain 1 Low ,˂2.0 U
"",Fountain 2 High ,˂2.0 U
"",Fountain 2 Dog ,˂2.0 U
Bauler,"",""
"",Outdoor,""
"",Fountain 1* ,38
Beehive,"",""
"",Outdoor,""
"",Fountain 1 High ,7.41
"",Fountain 1 Low ,6.14
Bell,"",""
"",Indoor,""
"",Game Room ,2.82 J
"",Outdoor,""
"",Fountain 1* ,16.6
Berger Cultural Ctr Annex,"",""
"",Indoor,""
"",Basement Hallway ,0.239 J
Berger,"",""
"",Outdoor,""
"",Fountain 1 High ,˂2.0 U
"",Fountain 1 Middle ,˂2.0 U
"",Fountain 1 Low ,˂2.0 U
Bessemer,"",""
"",Indoor,""
"",North Entrance Lobby ,0.342 J
"",South Entrance Lobby ,0.24 J
"",Outdoor,""
"",Fountain 1 ,˂2.0 U
"",Fountain 2 ,˂2.0 U
"",Fountain 3 ,˂2.0 U
"",Fountain 4 ,6.4
"",Fountain 5 ,˂2.0 U
Beverly,"",""
"",Indoor,""
"",Kitchen Sink ,3.3 J
"",Outdoor,""
"",Fountain 1 ,13.9
"",Fountain 2 High ,0.519 J
"",Fountain 2 Low ,0.523 J
"",Fountain 2 Dog ,0.549 J
"",Fountain 3* ,91.4
Birch,"",""
"",Outdoor ,""
"",Fountain 1 High ,˂2.0 U
"",Fountain 1 Low ,˂2.0 U
Bixler,"",""
"",Outdoor,""
"",Fountain 1 High ,0.176 J
"",Fountain 1 Low ,0.185 J
Blackhawk,"",""
"",Indoor,""
"",Women's Restroom ,0.263 J
"",Outside Preschool Room ,0.193 J
"",Outdoor,""
"",Fountain 1* ,22.1
"",Fountain 2* ,23.3
Blackwelder,"",""
"",Outdoor,""
"",Fountian 1 High ,0.299 J
"",Fountian 1 Middle ,0.311 J
"",Fountian 1 Low ,0.361 J
Bogan,"",""
"",Indoor,""
"",Outside Office ,2.11  J
"",Outdoor,""
"",Fountain 2 ,0.662 J
"",Fountain 3 High ,2.69 J
"",Fountain 3 Low ,3.09 J
Bosley,"",""
"",Outdoor ,""
"",Fountain 1 ,3.11 J
Boswell,"",""
"",Outdoor,""
"",Fountain 1 High* ,17.8
"",Fountain 1 Low* ,17.7
Brainerd,"",""
"",Indoor,""
"",Main Lobby ,0.747 J
"",Women's Locker Room ,1.65 J
Men's Locker Room ,3.39 J
Outdoor ,""
Fountain 1 High ,<0.120 U
Fountain 1 Middle ,<0.120 U
Fountain 1 Low ,<0.120 U
Fountain 3 ,5.31
Fountain 4 ,0.694 J
Bradley,""
Outdoor,""
Fountain 2 ,3
Fountain 3* ,17
Brands,""
Indoor,""
Main Lobby ,1.62 J
Men's Locker Room ,9.77
Women's Locker Room ,2.44 J
Outdoor,""
Fountain 2 High ,2.11 J
Fountain 2 Middle ,2.19 J
Fountain 2 Low ,2.08 J
Fountain 3* ,27.8
Brighton,""
Outdoor ,""
Fountain 1 High ,12
Fountain 1 Middle ,13
Fountain 1 Low ,11.8
Broadway Armory,""
Indoor,""
Main Lobby ,<0.120 U
East Side Vestibule ,0.189 J
Kitchen Sink ,6.9
Bromann,""
Outdoor,""
Fountain 1 High ,<2.0 U
Fountain 1 Middle ,<2.0 U
Fountain 1 Low ,<2.0 U
Bronco Billy,""
Outdoor,""
Fountain 1 High ,4.1
Fountain 1 Low ,<2.0 U
Brooks (Gwendolyn),""
Outdoor ,""
Fountain 1 High ,8.1
Fountain 1 Low ,8.7
Brooks (Oscar),""
Indoor,""
North Foyer ,0.617 J
2nd Floor Club Room ,0.793 J
Outdoor,""
Fountain 1 High* ,145
Fountain 1 Low* ,83
Fountain 2* ,46.5
Brown Memorial,""
Outdoor,""
Fountain 1* ,41.6
Fountain 2* ,76.2
Brynford,""
Outdoor ,""
Fountain 1 High ,3.91
Fountain 1 Low ,3.96
Burnham,""
Outdoor,""
Fountain 1 High ,<2.0 U
Fountain 1 Low ,<2.0 U
Fountain 2 High ,<2.0 U
Fountain 2 Middle ,<2.0 U
Fountain 2 Low ,<2.0 U
Fountain 3 High ,2.4
Fountain 3 Low ,˂2.0 U
Fountain 4 High ,˂2.0 U
Fountain 4 Low ,˂2.0 U
Fountain 5 High ,˂2.0 U
Fountain 5 Low ,˂2.0 U
Fountain 6 High ,˂2.0 U
Fountain 6 Low ,˂2.0 U
Fountain 7 High ,˂2.0 U
Fountain 7 Low ,˂2.0 U
Fountain 8 High ,˂2.0 U
Fountain 8 Low ,˂2.0 U
Fountain 5.1 High ,˂2.0 U
Fountain 5.1 Low ,˂2.0 U
Fountain 5.2 High ,˂2.0 U
Fountain 5.2 Low ,˂2.0 U
"",Fountain 9* ,24
"",Fountain 10 ,2.8
"",Fountain 11* ,60
"",Fountain 12 High ,˂2.0 U
"",Fountain 12 Low ,˂2.0 U
"",Fountain 13 High ,˂2.0 U
"",Fountain 13 Low ,˂2.0 U
"",Fountain 14 High ,˂2.0 U
"",Fountain 14 Low ,˂2.0 U
"",Fountain 15 High ,˂2.0 U
"",Fountain 15 Low ,˂2.0 U
"",Fountain 15-Dog ,˂2.0 U
"",Fountain 16 High ,˂2.0 U
"",Fountain 16 Low ,˂2.0 U
"",Fountain 17 ,˂2.0 U
"",Fountain 18 ,˂2.0 U
"",Fountain 19 High* ,37
"",Fountain 19 Middle* ,42
"",Fountain 19 Low* ,40
"",Fountain 20 ,2.5
"",Fountain 21* ,24
"",Fountain 22 ,<2.0 U
"",Fountain 23 ,<2.0 U
"",Fountain 24* ,21
"",Fountain 25 ,<2.0 U
"",Fountain 26 ,3.9
"",Fountain 27 South ,<2.0 U
"",Fountain 27 East ,<2.0 U
"",Fountain 27 North ,<2.0 U
"",Fountain 28 High ,<2.0 U
"",Fountain 28 Low ,<2.0 U
Burnside,"",""
Outdoor,"",""
"",Fountain 1 ,<2.0 U
"",Fountain 2 ,3.3
"",Fountain 3 ,7.4
Buttercup,"",""
Outdoor,"",""
"",Fountain 1 High ,<2.0 U
"",Fountain 1 Middle ,<2.0 U
"",Fountain 1 Low ,<2.0 U
Catalpa,"",""
Outdoor,"",""
"",Fountain 1 ,5.49
California,""
Outdoor,""
Fountain 1 High ,<0.120  U
Fountain 1 Middle ,<0.120  U
Fountain 1 Low ,<0.120  U
Fountain 2 High ,0.137 J
Fountain 2 Low ,<0.120  U
Fountain 3* ,29.5
Calumet,""
Indoor,""
Hall Outside of Women's Room ,0.55  J
Hall Outside of Preschool Room ,1.05  J
Girl's Locker Room ,12.4
Boy's Locker Room ,1.48  J
Basement Near Train Room ,1.82  J
Outdoor,""
Fountain 2* ,16
Fountain 3 ,<2.0 U
Fountain 4 High ,<2.0 U
Fountain 4 Low ,<2.0 U
Fountain 5 ,<2.0 U
Fountain 6 ,<2.0 U
Fountain 7 ,7.2
Fountain 8 ,9.2
Fountain 9 ,9.7
Fountain 10 ,<2.0 U
Fountain 11 High ,<2.0 U
Fountain 11 Low ,<2.0 U
Fountain 12 ,<2.0 U
Fountain 13 ,<2.0 U
Carver,""
Indoor,""
Main Hallway ,<0.120 U
Between Locker Rooms ,2.23 J
Pool Deck ,1.28 J
Kitchen Sink ,2.1
Outdoor,""
Fountain 1 ,<2.0 U
Fountain 2 ,<2.0 U
Fountain 4 ,13
Cedar,""
Outdoor,""
Fountain 1 High ,<2.0 U
Fountain 1 Middle ,<2.0 U
Fountain 1 Low ,<2.0 U
Central Playlot,""
Outdoor,""
Fountain 1 High ,2.0 J
Fountain 1 Low ,2.28 J
Challenger,""
Outdoor,""
Fountain 1 High ,˂2.0 U
Fountain 1 Middle ,˂2.0 U
Fountain 1 Low ,˂2.0 U
Chase,""
Indoor,""
1st Floor Lobby ,0.838  J
2nd Floor by Bathrooms ,0.757  J
Outdoor,""
Fountain 1 High ,˂2.0 U
Fountain 1 Low ,˂2.0 U
Fountain 2* ,25
Fountain 3 ,11
Fountain 4 High ,˂2.0 U
Fountain 4 Middle ,˂2.0 U
Fountain 4 Low ,˂2.0 U
Fountain 5 High* ,42
Fountain 5 Low* ,41
Chestnut,""
Outdoor,""
Fountain 1 High* ,23.1
Fountain 1 Low* ,23.5
Chicago Women's,""
Indoor,""
1st Floor ,<0.120  U
2nd Floor ,<0.120  U
3rd Floor ,<0.120  U
Chippewa,""
Indoor,""
Front Hallway ,2.3 J
Outdoor ,""
Fountain 1 ,0.522 J
Chopin,"","",""
Indoor,"","",""
Main Lobby ,"","",1.37  J
Outdoor,"","",""
Fountain 1 ,"","",0.965 J
Fountain 2 ,"","",5.2
Fountain 3 ,"","",0.491 J
Fountain 4* ,"","",21.5
Churchill,"","",""
Indoor,"","",""
Fountain 1 High ,"","",˂2.0 U
Fountain 1 Middle ,"","",˂2.0 U
Fountain 1 Low ,"","",˂2.0 U
Fountain 2 High ,"","",˂2.0 U
Fountain 2 Middle ,"","",˂2.0 U
Fountain 2 Low ,"","",˂2.0 U
Citizens Memorial,"","",""
Outdoor,"","",""
Fountain 1* ,"","",58
Clarendon,"","",""
Indoor,"","",""
Game Room East Wall - High ,"","",1.37 J
Game Room East Wall - Low ,"","",0.447 J
2nd Floor Bathrooms ,"","",1.09 J
Fitness Center ,"","",0.186 J
Oudoor,"","",""
Fountain 1 ,"","",<2.0 U
Fountain 2* ,"","",45
Fountain 3 High ,"","",<2.0 U
Fountain 3 Middle ,"","",<2.0 U
Fountain 3 Low ,"","",2.1
Fountain 4 High ,"","",<2.0 U
Fountain 4 Middle ,"","",<2.0 U
Fountain 4 Low ,"","",<2.0 U
Clark (John),"","",""
Indoor,"","",""
Lobby ,"","",0.837  J
Outdoor,"","",""
Fountain 1 ,"","",0.291 J
Clark (Richard),"","",""
Outdoor,"","",""
Fountain 1 High ,"","",0.124 J
Fountain 1 Low ,0.127 J
Fountain 2 High ,0.994 J
Fountain 2 Low ,0.291 J
Clark Boathouse,""
Indoor,""
Main Lobby ,<0.120 U
By Washrooms ,<0.120 U
Claremont,""
Outdoor,""
Fountain 1 High ,1.11 J
Fountain 1 Middle ,1.1 J
Fountain 1 Low ,0.893 J
Clover,""
Outdoor,""
Fountain 1 High* ,66
Fountain 1 Low* ,58
Clybourn,""
Outdoor,""
Fountain 1 High* ,30
Fountain 1 Low* ,31
Cochran,""
Outdoor,""
Fountain 1 High* ,41
Fountain 1 Low* ,42
Cole,""
Indoor,""
Main Lobby ,0.364 J
Outdoor,""
Fountain 1* ,42.4
Fountain 2 High ,0.599 J
Fountain 2 Middle ,0.388 J
Fountain 2 Low ,0.519 J
Fountain 3* ,140
Fountain 4* ,15.5
Coleman,""
Outdoor,""
Fountain 1* ,27.9
Coliseum,""
Outdoor ,""
"",Fountain 1 High ,<2.0 U
"",Fountain 1 Low ,2.1
"",Fountain 1 Dog ,<2.0 U
"",Fountain 2 ,<2.0 U
Columbus,"",""
Indoor,"",""
"",Front Lobby ,0.688 J
Outdoor,"",""
"",Fountain 1 ,6.5
"",Fountain 2 ,0.436 J
"",Fountain 3 ,2.26 J
"",Fountain 4 ,1.55 J
"",Fountain 5 ,0.593 J
"",Fountain 6 ,14
"",Fountain 7 High ,0.491 J
"",Fountain 7 Low ,0.283 J
"",Fountain 8 High ,6.96
"",Fountain 8 Low ,7.09
"",Fountain 9 ,3.08 J
"",Fountain 10 High ,0.244 J
"",Fountain 10 Low ,1.35 J
"",Fountain 11 Low ,2.05 J
Columbus Athletic Building,"",""
Indoor,"",""
"",By Large Gym ,0.123 J
Columbus Refectory,"",""
Indoor,"",""
"",East Foyer ,0.66 J
Commercial Club,"",""
Indoor,"",""
"",Lobby ,0.438 J
"",Kitchen Sink ,<2.0 U
Outdoor,"",""
"",Fountain 1 High ,0.661 J
"",Fountain 1 Middle ,0.614 J
"",Fountain 1 Low ,0.46 J
Cooper,"",""
Indoor,"",""
"",Main Lobby ,1.85 J
Outdoor ,"",""
"",Fountain 1 ,0.916 J
"",Fountain 2 High ,0.205 J
"",Fountain 2 Low ,1.07 J
Cornell,"",""
"",Outdoor,""
"",Fountain 1 High* ,97.5
"",Fountain 1 Low* ,116
Cornell Square,"",""
"",Indoor,""
"",Near Women's Room ,2.62 J
"",Near Entrance ,0.227 J
"",Kitchen Sink ,<2.0 U
"",Outdoor,""
"",Fountain 1 ,˂0.120 U
"",Fountain 2 ,6.36
"",Fountain 3 High ,˂0.120 U
"",Fountain 3 Low ,˂0.120 U
"",Fountain 4 ,3.98 J
Cosme,"",""
"",Outdoor,""
"",Fountain 1 High ,0.334 J
"",Fountain 1 Dog ,0.363 J
"",Fountain 2 ,10.5
Cotton Tail ,"",""
"",Outdoor ,""
"",Fountain 1 ,<2.0 U
"",Fountain 2 ,<2.0 U
"",Fountain 3 High ,<2.0 U
"",Fountain 3 Low ,<2.0 U
Cragin,"",""
"",Indoor,""
"",Hallway ,10.9
"",Outdoor,""
"",Fountain 1 ,1.35 J
"",Fountain 2 ,1.72 J
Cresent,"",""
"",Outdoor,""
"",Fountain 1 ,4.21 J
Daley (Richard),"",""
"",Oudoor ,""
"",Fountain 1 High ,0.333 J
"",Fountain 1 Low ,1.11 J
Davis (M.),""
Outdoor,""
Fountain 1 ,0.142 J
Davis Square,""
Indoor,""
1st Floor Near Elevator ,<0.120  U
2nd Floor Near Special Rec ,0.138  J
Kitchen Sink ,<2.0 U
Kitchen Sink 2nd Floor ,<2.0 U
Outdoor,""
Fountain 1 High ,0.623 J
Fountain 1 Low ,0.428 J
Fountain 2* ,15.7
Fountain 3 High ,˂0.120 U
Fountain 3 Low ,˂0.120 U
Dawes,""
Indoor,""
Near Office* ,26.5
Kitchen Sink ,0.358 J
Slop Sink ,0.83 J
Outdoor,""
Fountain 1 High ,11.9
Fountain 1 Low ,10.1
Fountain 2* ,0.516 J
Dean,""
Outdoor,""
Fountain 1 High ,0.911 J
Fountain 1 Middle ,1.05 J
Fountain 1 Low ,0.943 J
Dearborn,""
Outdoor ,""
Fountain 1 High* ,52
Fountain 1 Low* ,18
Fountain 2 High* ,120
Fountain 2 Low* ,110
Debow,""
Outdoor,""
Fountain 1* ,29
De Burgos,""
Outdoor,""
"",Fountain 1 High ,0.3
"",Fountain 1 Middle ,0.311
"",Fountain 1 Low ,0.31
DeJulio,"",""
Outdoor,"",""
"",Fountain 1 High* ,24.1
"",Fountain 1 Low* ,30.7
D'Elia,"",""
Outdoor,"",""
"",Fountain 1 High* ,33
"",Fountain 1 Low* ,33
Dickinson,"",""
Outdoor ,"",""
"",Fountain 1 High ,0.231 J
"",Fountain 1 Middle ,0.211 J
"",Fountain 1 Low ,0.227 J
Dixon,"",""
Outdoor,"",""
"",Fountain 1 High ,12.1
"",Fountain 1 Low ,12
Dogwood,"",""
Outdoor,"",""
"",Fountain 1* ,17.8
Donahue,"",""
Outdoor,"",""
"",Fountain 1 High ,2
"",Fountain 1 Middle ,2.7
"",Fountain 1 Low ,<2.0 U
Don Nash Community Center,"",""
Indoor,"",""
"",1st Floor Between Room ,0.16 J
"",2nd Floor by Fitness Center ,<0.120 U
"",Pool Level Women's Washroom ,0.462 J
"",Pool Level Men's Washroom ,<0.120 U
"",Pool Deck ,0.198 J
Donovan,"",""
Indoor,"",""
"",Club Room ,3.01 J
Outdoor ,"",""
"",Fountain 1* ,16.4
Dougherty,"",""
Outdoor,"",""
"",Fountain 1 ,5.2
Douglas,"",""
Indoor,"",""
"",Main Lobby ,0.219 J
Outdoor,"",""
"",Fountain 1* ,21.7
"",Fountain 2 ,2.21 J
"",Fountain 4 High ,0.572 J
"",Fountain 4 Low ,0.128 J
"",Fountain 5 ,2.49 J
"",Fountain 6 ,1.04 J
"",Fountain 7 High ,7.1
"",Fountain 7 Low ,6.67
"",Fountain 8 ,3.39 J
"",Fountain 9* ,16.6
"",Fountain 10 High ,9.22
"",Fountain 10 Middle ,9.96
"",Fountain 10 Low ,9.09
Drexel,"",""
Outdoor,"",""
"",Fountain 1* ,70
Dubkin,"",""
Outdoor,"",""
"",Fountain 1 High ,˂2.0 U
"",Fountain 1 Low ,˂2.0 U
Dunbar,"",""
Outdoor ,"",""
"",Fountain 1* ,130
"",Fountain 2 ,˂2.0 U
"",Fountain 3* ,26
"",Fountain 4 High ,˂2.0 U
"",Fountain 4 Middle ,˂2.0 U
"",Fountain 4 Low ,˂2.0 U
"",Fountain 5 High ,˂2.0 U
"",Fountain 5 Middle ,˂2.0 U
"",Fountain 5 Low ,˂2.0 U
Dunham,"",""
Indoor,"",""
"",Main Hall South ,0.486 J
"",Women's Locker Room ,10
"",Men's Locker Room ,3.89 J
"",Kitchen Sink ,<2.0 U
"",Outdoor,""
"",Fountain 1* ,30.5
"",Fountain 2* ,21.9
"",Fountain 3 High ,7.66
"",Fountain 3 Middle ,5.78
"",Fountain 3 Low ,6.06
Durkin,"",""
"",Outdoor,""
"",Fountain 2 ,2.72 J
"",Fountain 3 High ,˂0.120 U
"",Fountain 3 Low ,˂0.120 U
Dvorak,"",""
"",Indoor ,""
"",Main Lobby - High ,0.922  J
"",Main Lobby - Low ,1.44  J
"",Kitchen Sink ,<2.0 U
"",Outdoor ,""
"",Fountain 1* ,17
"",Fountain 2 High ,7.4
"",Fountain 2 Middle ,4.8
"",Fountain 2 Low ,3.8
"",Fountain 3 High* ,17
"",Fountain 3 Low* ,20
"",Fountain 4 High ,<2.0 U
"",Fountain 4 Low ,<2.0 U
"",Fountain 5 High ,<2.0 U
"",Fountain 5 Low ,<2.0 U
Eckersall,"",""
"",Outdoor,""
"",Fountain 1 High ,14
"",Fountain 1 Low ,13
Eckhart,"",""
"",Indoor,""
"",Lobby ,0.396 J
"",Pool Deck ,0.691 J
"",Men's Locker Room ,4.01 J
"",Kitchen Sink ,<2.0 U
"",Outdoor,""
"",Fountain 1 High ,14.1
"",Fountain 1 Low ,14.6
"",Fountain 2 High ,5.6
"",Fountain 2 Middle ,5.91
"",Fountain 2 Low ,6.8
Edgebrook,"",""
Outdoor,"",""
"",Fountain 1 High ,0.793 J
"",Fountain 1 Low ,0.689 J
Edison,"",""
Indoor,"",""
"",Main Lobby ,12.2
Edmonds,"",""
Outdoor,"",""
"",Fountain 1 High ,12.5
"",Fountain 1 Low ,14.1
Ellis,"",""
Indoor ,"",""
"",Outside Gym ,<2.0 U
"",Fitness Center ,<2.0 U
"",Pool Deck ,<2.0 U
"",1st Floor Kitchen ,<2.0 U
"",2nd Floor Kitchen ,<2.0 U
Outdoor ,"",""
"",Fountain 1* ,16
"",Fountain 2* ,92
Elm,"",""
Outdoor,"",""
"",Fountain 1 ,5.3
Emerald,"",""
Outdoor,"",""
"",Fountain 1* ,30.2
Emmerson,"",""
Indoor,"",""
"",Main Lobby ,1.61  J
Outdoor ,"",""
"",Fountain 1* ,102
Erhler,"",""
Outdoor,"",""
"",Fountain 1 ,2.5
Essex,"",""
"",Outdoor,""
"",Fountain 1 High ,5.6
"",Fountain 1 Middle ,5.8
"",Fountain 1 Low ,5.9
Euclid,"",""
"",Indoor,""
"",Main Lobby ,0.871 J
"",Outdoor ,""
"",Fountain 1 ,12.5
"",Fountain 2 High ,0.76 J
"",Fountain 2 Low ,0.77 J
"",Fountain 3 High ,13.2
"",Fountain 3 Low ,11.2
Eugene Field,"",""
"",Indoor,""
"",1st Floor by Men's Washroom ,1.05 J
"", 2nd Floor by Women's Washroom ,0.462 J
"",Basement Hallway ,0.497 J
"",Women's Locker Room* ,58.2
"",Men's Locker Room* ,71.3
"",Outdoor,""
"",Fountain 1 High ,9.18
"",Fountain 1 Low ,9.5
"",Fountain 2 High ,˂0.120 U
"",Fountain 2 Middle ,˂0.120 U
"",Fountain 2 Low ,˂0.120 U
"",Fountain 3 High* ,6.74
"",Fountain 3 Low* ,15.4
"",Fountain 4 High ,11.9
"",Fountain 4 Low ,14.3
Fellger,"",""
"",Outdoor,""
"",Fountain 1 High ,˂2.0 U
"",Fountain 1 Low ,˂2.0 U
Fernwood,"",""
"",Indoor,""
"",Lobby by Gym ,<0.120 U
"",Main Lobby ,0.232 J
"",Outdoor ,""
"",Fountain 1 ,<0.120 U
"",Fountain 2* ,33.2
Filbert,"",""
"",Outdoor,""
"",Fountain 1 High ,2.5
"",Fountain 1 Middle ,2.2
"",Fountain 1 Low ,2.3
Flower,"",""
"",Outdoor,""
"",Fountain 1 High ,˂2.0 U
"",Fountain 1 Middle ,˂2.0 U
"",Fountain 1 Low ,˂2.0 U
Flying Squirrel ,"",""
"",Outdoor,""
"",Fountain 1 ,6.58
Forest Glen,"",""
"",Outdoor,""
"",Fountain 1 High ,4.53 J
"",Fountain 1 Low ,4.57 J
"",Fountain 1 Dog ,5.39
Fosco,"",""
"",Indoor,""
"",Main Hall - High ,<0.120 U
"",Main Hall - Low ,<0.120 U
"",Outside Locker Room ,<0.120 U
"",Outside Gym Near Pool - High ,<0.120 U
"",Outside Gym Near Pool - Low ,<0.120 U
"",Pool Area - High ,<0.120 U
"",Pool Area - Low ,<0.120 U
"",Outside Daycare - High ,<0.120 U
"",Outside Daycare - Low ,<0.120 U
"",Daycare Entrance - High ,<0.120 U
"",Daycare Entrance - Low ,<0.120 U
"",Daycare Sink ,<2.0 U
"",Daycare Employee  Sink ,<2.0 U
"",Senior Room Sink ,<2.0 U
"",Warming Kitchen Sink ,<2.0 U
"",Outdoor ,""
"",Fountain 1 High ,<2.0 U
"",Fountain 1 Low ,<2.0 U
"",Fountain 2 High ,<2.0 U
"",Fountain 2 Low ,<2.0 U
Foster,"",""
Indoor ,"",""
Lobby - High ,"",0.34 J
Lobby - Low ,"",0.672 J
Men's Locker Room ,"",0.733 J
Kitchen Sink ,"",<2.0 U
Outdoor,"",""
Fountain 1 High ,"",0.419 J
Fountain 1 Low ,"",0.325 J
Fountain 2 High ,"",7.52
Fountain 2 Low ,"",7.89
Fountain 3* ,"",159
Fountain 4 High ,"",<0.120 U
Fountain 4 Low ,"",2.06 J
Fountain 5 High* ,"",50
Fountain 5 Low* ,"",73
Fountain 6 High ,"",0.182 J
Fountain 6 Low ,"",0.28 J
Franklin,"",""
Indoor ,"",""
Main Lobby ,"",0.505 J
Women's Locker Room ,"",1.42 J
Men's Locker Room ,"",<0.120 U
Kitchen Sink ,"",2.5
Outdoor,"",""
Fountain 1 ,"",2.32 J
Fountain 2 High ,"",<0.120 U
Fountain 2 Low ,"",<0.120 U
Fountain 3 ,"",1.12 J
Fountain 4* ,"",37.2
Fuller,"",""
Indoor ,"",""
Main Lobby ,"",0.413  J
West Gym Hallway ,"",0.977  J
East Gym Hallway ,"",2.58  J
Boxing Gym ,"",3.15  J
Kitchen Sink ,"",3.9
Outdoor ,"",""
Fountain 1 High* ,"",10.6
Fountain 1 Middle* ,"",10.9
Fountain 1 Low* ,"",16.9
Fountain 2 ,"",0.126 J
Fountain 3 ,"",0.584 J
Fountain 4* ,"",472
Fountain 5* ,"",82.1
Gage,"","",""
Indoor,"","",""
Basement ,"","",0.203 J
Women's Locker Room ,"","",1.2 J
Men's Locker Room ,"","",0.524 J
Lobby - High ,"","",0.343 J
Lobby - Low ,"","",0.378 J
Kitchen Sink West ,"","",<2.0 U
Kitchen Sink East ,"","",<2.0 U
Outdoor,"","",""
Fountain 1 ,"","",1.24 J
Fountain 2 ,"","",1.07 J
Fountain 3 ,"","",2.09 J
Fountain 4* ,"","",48.8
Fountain 5 High ,"","",0.12 J
Fountain 5 Middle ,"","",0.17
Fountain 5 Low ,"","",0.22
Fountain 6* ,"","",30.5
Fountain 7* ,"","",124
Galewood,"","",""
Indoor,"","",""
Lobby ,"","",0.563 J
Bathroom Adaptor ,"","",0.218 J
Outdoor,"","",""
Fountain 1 ,"","",2.29
Garfield,"","",""
Indoor,"","",""
Main Floor North Near Offices ,"","",0.281  J
Main Floor South Near Fitness ,"","",1.65  J
2nd Floor Near Rotunda ,"","",4.18  J
Basement Boy's Locker Room ,"","",0.856  J
Basement Girl's Locker Room ,"","",1.4  J
Basement Near Gym ,"","",6.06
Kitchen Sink ,"","",<2.0 U
Outdoor,"","",""
Fountain 1 ,"","",0.387 J
Fountain 2* ,"","",43.7
Foungain 3 High ,"","",<0.120 U
Fountain 3 Middle ,"","",<0.120 U
Fountain 3 Low ,"","",<0.120 U
Fountain 4 High ,"","",1.17 J
Fountain 4 Low ,"","",1.22 J
Fountain 5 ,"","",<0.120 U
Fountain 6 ,"","",2.48 J
"",Fountain 7 ,0.781 J
"",Fountain 8 ,7.06
"",Fountain 9* ,72.4
"",Fountain 10 ,13
"",Fountain 11 ,4.11 J
Garibaldi,"",""
Outdoor ,"",""
"",Fountain 1 ,3.3
Gately,"",""
Outdoor,"",""
"",Fountain 1* ,30
"",Fountain 2 ,˂2.0 U
Gill ,"",""
Indoor,"",""
"",1st Floor - High ,<0.120  U
"",1st Floor - Low ,1.12  J
"",Basement Men's Locker Room ,1.2  J
"",Basement Women's Locker Room ,1.79  J
Outdoor,"",""
"",Fountain 1 High* ,31
"",Fountain 1 Middle* ,32
"",Fountain 1 Low* ,28
Gladstone,"",""
Outdoor,"",""
"",Fountain 1 High* ,44.9
"",Fountain 1 Middle* ,0.812 J
"",Fountain 1 Low* ,28.3
Gladys,"",""
Outdoor,"",""
"",Fountain 1 ,4.66 J
Goldberg,"",""
Outdoor,"",""
"",Fountain 1 High* ,69
"",Fountain 1 Low* ,53
Golden Gate ,"",""
Outdoor,"",""
"",Fountain 1 High ,4
"",Fountain 1 Low ,8.8
Gooseberry,"",""
Outdoor,""
Fountain 1* ,60
Gompers,""
Indoor,""
Main Hallway ,0.832  J
Women's Locker Room ,2.26  J
Men's Locker Room ,4.34  J
Outdoor,""
Fountain 1* ,16.2
Fountain 2* ,43.8
Fountain 2A* ,49.4
Fountain 3 High ,6.66
Fountain 3 Middle ,6.78
Fountain 3 Low ,6.82
Fountain 4* ,24.1
Fountain 5 High ,0.431 J
Fountain 5 Low ,0.472 J
Fountain 6 ,0.988 J
Fountain 7 ,<0.120 U
Fountain 8* ,39.8
Fountain 9* ,61.7
Goudy,""
Outdoor,""
Fountain 1 High ,<2.0 U
Fountain 1 Middle ,<2.0 U
Fountain 1 Low ,<2.0 U
Grand Playlot,""
Outdoor,""
Fountain 1* ,54.2
Grand Crossing,""
Indoor,""
Lobby South ,1.57 J
Lobby North ,<0.120 U
Outdoor ,""
Fountian 1 ,2.43 J
Fountian 2 ,9
Fountian 3 ,1.05 J
Fountian 4 ,0.975 J
Fountian 5 ,0.674 J
Fountian 6 High ,4.87 J
Fountian 6 Low ,4.14 J
Fountian 7 High ,10.1
Fountian 7 Low ,6.18
Grant,"",""
"",Outdoor,""
"",Fountain 1 ,˂2.0 U
"",Fountain 2 ,˂2.0 U
"",Fountain 3 ,4.3
"",Fountain 4 High ,˂2.0 U
"",Fountain 4 Low ,˂2.0 U
"",Fountain 5 (Bond) ,˂2.0 U
"",Fountain 5a (Trough) ,˂2.0 U
"",Fountain 5b (Trough) ,˂2.0 U
"",Fountain 5c (Trough) ,˂2.0 U
"",Fountain 5d (Trough) ,˂2.0 U
"",Fountain 6 ,˂2.0 U
"",Fountain 7 ,˂2.0 U
"",Fountain 8 High ,˂2.0 U
"",Fountain 8 Low ,2.3
"",Fountain 9 High ,11
"",Fountain 9 Low ,5.4
"",Fountain 10 ,˂2.0 U
"",Fountain 11 ,˂2.0 U
"",Fountain 13 High ,20
"",-Retest after repair ,2.3
"",Fountain 13 Low ,20
"",-Retest after repair ,2.4
"",Fountain 14 High ,29
"",-Retest after repair ,˂2.0 U
"",Fountain 14 Low ,29
"",-Retest after repair ,˂2.0 U
"",Fountain 15 High ,˂2.0 U
"",Fountain 15 Low ,˂2.0 U
"",Fountain 16 ,˂2.0 U
"",Fountain 17 ,˂2.0 U
"",Fountain 18 High ,˂2.0 U
"",Fountain 18 Low ,˂2.0 U
"",Fountain 19 High ,2.7
"",Fountain 19 Low ,7.4
"",Fountain 20 ,˂2.0 U
"",Fountain 21 ,11
"",Fountain 22* ,1200
"",Fountain 23* ,80
"",Fountain 24* ,81
"",Fountain 25 ,2.2
"",Fountain 26* ,46
"",Fountain 27 High ,9.1
"",Fountain 27 Low ,10
"",Fountain 28 High* ,69
"",Fountain 28 Low* ,75
"",Fountain 30 High ,5.8
"",Fountain 30 Low ,5.5
"",Fountain 31* ,560
"",Fountain 32 ,5.4
"",Fountain 33 High ,˂2.0 U
"",Fountain 33 Dog ,˂2.0 U
"",Fountain 34 ,˂2.0 U
"",Fountain 35 ,˂2.0 U
"",Fountain 36 High ,˂2.0 U
"",Fountain 36 Low ,˂2.0 U
"",Fountain 37 ,˂2.0 U
"",Fountain 38 High ,˂2.0 U
"",Fountain 38 Low ,˂2.0 U
"",Fountain 39 High ,˂2.0 U
"",Fountain 39 Low ,˂2.0 U
"",Fountain 40 High ,2.5
"",Fountain 40 Low ,˂2.0 U
"",Fountain 41 High ,˂2.0 U
"",Fountain 41 Low ,˂2.0 J
"",Fountain 42 High ,˂2.0 U
"",Fountain 42 Low ,˂2.0 U
"",Fountain 43 High ,˂2.0 U
"",Fountain 43 Low ,˂2.0 U
"",Fountain 44 High ,˂2.0 U
"",Fountain 44 Low ,˂2.0 U
Grape,"",""
"",Outdoor,""
"",Fountain 1* ,21.1
Graver,"",""
"",Indoor,""
"",Main Lobby ,<0.120 U
"",Kitchen Sink ,<2.0 U
"",Outdoor,""
"",Fountain 2 ,0.151 J
Green,"",""
"",Outdoor ,""
"",Fountain 1* ,76.9
Greenbaum,"",""
"",Outdoor,""
"",Fountain 1 High ,0.178 J
"",Fountain 1 Low ,0.178 J
"",Fountain 2 High ,<0.120 U
"",Fountain 2 Middle ,<0.120 U
"",Fountain 2 Low ,<0.120 U
Green Briar,"",""
Indoor,"",""
"",Lobby East ,0.904 J
"",Lobby West ,0.574 J
Outdoor ,"",""
"",Fountain 1* ,24.4
"",Fountain 2* ,59.1
"",Fountain 3 ,0.853 J
Griffin,"",""
Outdoor ,"",""
"",Fountain 1* ,16
Gross,"",""
Outdoor ,"",""
"",Fountain 1 High* ,34.3
"",Fountain 1 Low* ,34.4
Haas,"",""
Indoor,"",""
"",Outside Gym - High ,<0.120 U
"",Outside Gym - Low ,<0.120 U
"",Kitchen Sink ,<2.0 U
Outdoor,"",""
"",Fountain 1 High ,˂2.0 U
"",Fountain 1 Middle ,˂2.0 U
"",Fountain 1 Low ,˂2.0 U
Hale,"",""
Indoor,"",""
"",Lobby - High ,<0.120 U
"",Lobby - Low ,<0.120 U
"",Near Locker Rooms ,<0.120 U
"",Pool Building Entrance ,0.43 J
Oudoor,"",""
"",Fountain 1 High ,0.774 J
"",Fountain 1 Low ,0.65 J
"",Fountain 2* ,44.7
"",Fountain 3 Low ,˂0.120 U
"",Fountain 3 High ,˂0.120 U
"",Fountain 4 ,0.268 J
Hamilton,"",""
"",Indoor,"",""
"",Main Lobby - East Side ,"",0.19  J
"",Main Lobby - West Side ,"",0.464  J
"",Kitchen Sink ,"",<2.0 U
"",Outdoor,"",""
"",Fountain 1 ,"",8.49
"",Fountain 2 High ,"",0.137 J
"",Fountain 2 Middle ,"",<0.120 U
"",Fountain 2 Low ,"",0.906 J
"",Fountain 3 High ,"",1.95 J
"",Fountain 3 Low ,"",1.35 J
Hamlin,"","",""
"",Indoor,"",""
"",Main Lobby ,"",1.63  J
"",Women's Locker Room ,"",0.888  J
"",Outdoor,"",""
"",Fountain 1* ,"",72
"",Fountain 2* ,"",48
"",Fountain 3 ,"",4.4
"",Fountain 4* ,"",41
Hansberry,"","",""
"",Outdoor,"",""
"",Fountain 1 ,"",7.42
Harding (Frederick),"","",""
"",Outdoor,"",""
"",Fountain 1 ,"",˂0.120 U
Harding (George),"","",""
"",Outdoor,"",""
"",Fountain 1 ,"",3.1
Harris,"","",""
"",Indoor,"",""
"",Near Gym ,"",<0.120 U
"",2nd Floor Dance Room ,"",2.53 J
"",1st Floor Southwest ,"",<0.120 U
"",Africa Office ,"",1.38 J
"",Basement Back Entrance ,"",4.43 J
"",Outdoor,"",""
"",Fountain 1 High ,"",˂0.120 U
"",Fountain 1 Low ,"",˂0.120 U
Harrison,"","",""
"",Indoor,"",""
Fitness Center ,<0.120 U
Pool Deck ,4.07 J
North Gym Entrance ,<0.120 U
South Gym Entrance ,<0.120 U
Kitchen Sink ,<2.0 U
Outdoor ,""
Fountain 1 High ,˂2.0 U
Fountain 1 Low ,˂2.0 U
Fountain 3 ,˂2.0 U
Hartigan Beach,""
Outdoor,""
Fountain 1 ,˂2.0 U
Fountain 2 High ,˂2.0 U
Fountain 2 Low ,˂2.0 U
Hayes,""
Indoor,""
Hallway Near Lobby ,1.22  J
Fitness Center - High ,<0.120  U
Fitness Center - Low ,<0.120  U
Outside Men's Locker - High ,0.24  J
Outside Men's Locker - Low ,0.213  J
Pool Area - High ,0.288  J
Pool Area - Middle ,1.35  J
Pool Area - Low ,<0.120  U
Kitchen Sink ,<2.0 U
Outdoor,""
Fountain 2* ,243
Fountain 3* ,156
Hazelnut,""
Outdoor,""
Fountain 1 ,6.16
Hermitage,""
Indoor,""
Club Room ,10.5
Outdoor,""
Fountain 1 High ,3.49 J
Fountain 1 Middle ,3.54 J
Fountain 1 Low ,3.26 J
Hermosa,""
Indoor,""
Lobby - High ,0.911 J
Lobby - Low ,0.945 J
Outdoor,""
Fountain 2 ,0.729 J
Hiawatha,""
Indoor,""
Main Lobby - Low ,0.936  J
Outdoor,""
Fountain 1 ,12
Fountain 2* ,80.7
Fountain 3 High ,0.157 J
Fountain 3 Middle ,0.143 J
Fountain 3 Low ,0.166 J
Fountain 4 ,7.75
Hickory,""
Outdoor,""
Fountain 1 High ,2.5
Fountain 1 Low ,˂2.0
Hoard,""
Outdoor,""
Fountain 1 ,12.9
Hollywood,""
Indoor,""
Game Room ,5.16
Outdoor ,""
Fountain 1 ,4.85 J
Fountain 2* ,32
Holstein ,""
Indoor,""
Main Lobby ,<0.120  U
Kitchen Sink ,<2.0 U
Outdoor,""
Fountain 1 High ,˂2.0 U
Fountain 1 Low ,˂2.0 U
Fountain 2* ,210
Homan Square,""
Indoor,""
North Wing Near Club Room - High ,<0.120 U
North Wing Near Club Room - Low ,0.12 J
South Wing Near Gym - High ,<0.120 U
South Wing Near Gym - Low ,<0.120 U
Pool Area ,<0.120 U
Ktichen Sink ,<2.0 U
Honeysuckle,""
Outdoor ,""
Fountain 1 High* ,27
Fountain 1 Low* ,28
Horan,""
Outdoor,""
Fountain 1 High ,3.67
Fountain 1 Low ,3.71
Hornbeam,""
Outdoor,""
Fountain 1 ,0.526 J
Horner,""
Indoor,""
Lobby Outside Gym ,0.531  J
Inside Gym - High ,1.62  J
Inside Gym - Low ,1.65  J
2nd Floor ,1.09  J
Outdoor,""
Fountain 1* ,34
Fountain 2 High ,13
Fountain 2 Low ,12.9
Fountain 3 High ,10.9
Fountain 3 Low ,10.8
Fountain 4 High* ,25.9
Fountain 4 Middle* ,26.4
Fountain 4 Low* ,25.6
Fountain 5 High* ,43.2
Fountain 5 Low* ,39
Fountain 6 High* ,61.2
Fountain 6 Low* ,67.3
Fountain 7 High ,3.13 J
Fountain 7 Low ,6.06
Fountain 8 High ,1.74 J
Fountain 8 Low* ,16.3
Fountain 9 High ,0.176 J
Fountain 9 Low ,0.165 J
Fountain 10 High* ,110
Fountain 10 Low* ,116
Fountain 11 High* ,135
Fountain 11 Low* ,126
Houston,""
Outdoor ,""
"","",Fountain 1 ,˂2.0 U
"","",Fountain 2 ,2.8
Hoyne,"","",""
"",Indoor,"",""
"","",Club Room ,2.80 J
"",Outdoor ,"",""
"","",Fountain 1 ,2.55 J
Huckleberry,"","",""
"",Outdoor,"",""
"","",Fountain 1 ,12.2
Humbert,"","",""
"",Outdoor ,"",""
"","",Fountian 1 High ,10.4
"","",Fountian 1 Low ,11
Humboldt,"","",""
"",Indoor,"",""
"","",Main Floor East Side ,1.34  J
"","",Main Floor West Side ,4.22  J
"","",Basement West Side* ,16.8
"","",Basement Game Room ,14.4
"","",Ktichen Sink ,<2.0 U
"",Outdoor,"",""
"","",Fountain 1* ,23.3
"","",Fountain 2 ,5.65
"","",Fountain 3* ,21.6
"","",Fountain 5 ,˂0.120 U
"","",Fountain 7 ,1.51 J
"","",Fountain 8 High ,0.437 J
"","",Fountain 8 Middle ,0.431 J
"","",Fountain 9 ,5.65
"","",Fountain 10 ,1.38 J
"","",Fountain 11 High ,0.18 J
"","",Fountain 11 Middle ,0.176 J
"","",Fountain 11 Low ,0.191 J
"","",Fountain 12 High ,10.1
"","",Fountain 12 Low ,8.93
"","",Fountain 13 High ,0.2 J
"","",Fountain 13 Low ,0.383 J
"","",Fountain 13 - Dog ,0.126 J
"","",Fountain 14* ,15.1
"","",Fountain 15 ,1.85 J
"","",Fountain 16 ,1.13 J
"",Fountain 17 ,6.73
"",Fountain 18 High ,0.197 J
"",Fountain 18 Middle ,˂0.120 U
"",Fountain 18 Low ,˂0.120 U
"",Fountain 20 ,2.53 J
"",Fountain 21* ,15.7
"",Fountain 22* ,30.4
"",Fountain 23 ,3.58 J
"",Fountain 24* ,28.8
Hurley,"",""
"",Outdoor,""
"",Fountain 1 High ,2.17 J
"",Fountain 1 Middle ,1.26 J
"",Fountain 1 Low ,1.77 J 
Independence,"",""
"",Indoor,""
"",Special Rec Room ,<0.120  U
"",Main Lobby ,<0.120  U
"",Pool Area ,<0.120  U
"",Fitness Center ,0.948  J
"",Outdoor,""
"",Fountain 1 High ,6.88
"",Fountain 1 Low ,7.39
"",Fountain 2 High* ,17.8
"",Fountain 2 Low* ,22.2
"",Fountain 3 High ,3.06 J
"",Fountain 3 Low ,2.84 J
"",Fountain 3 Middle ,3.09J
Indian Boundary,"",""
"",Indoor,""
"",Main Lobby ,3.81  J
"",Outdoor ,""
"",Fountain 1 High* ,15.6
"",Fountain 1 Middle* ,16.7
"",Fountain 1 Low* ,16.2
"",Fountain 2 High* ,52.3
"",Fountain 2 Low* ,51.8
"",Fountain 3 High ,10.5
"",Fountain 3 Low ,8.38
Indian Road,"",""
"",Indoor,""
"",Preschool Room ,6.66
Outdoor,""
Fountain 1 High ,2.37 J
Fountain 1 Low ,2.96 J
Fountain 2* ,38.9
Fountain 3 High* ,14.9
Fountain 3 Middle* ,17.6
Fountain 3 Low* ,15.2
Jackson (Andrew),""
Indoor,""
Hallway ,0.536 J
Men's Locker Room ,8.72
Women's Locker Room* ,36.9
Outdoor,""
Fountain 1 High ,˂0.120 U
Fountain 1 Low ,˂0.120 U
Fountain 2 High ,0.783 J
Fountain 2 Low ,0.812 J
Fountain 3 ,0.345 J
Fountain 4 ,0.905 J
Fountain 5 High ,6.67
Fountain 5 Low ,6.77
Fountain 6* ,25.2
Fountain 7* ,70.5
Fountain 8 High ,1.38 J
Fountain 8 Low ,1.16 J
Fountain 9* ,69.2
Fountain 10 ,12.2
Fountain 11 ,2.56 J
Fountain 12 ,3.15 J
Fountain 13* ,60
Fountain 15 ,10.5
Fountain 16* ,18.8
Fountain 17 High ,0.985
Fountain 20 High ,˂0.120 U
Fountain 20 Low ,˂0.120 U
Fountain 21 high ,˂0.120 U
Fountain 22* ,18.9
Fountain 23* ,208
Fountain 24 ,1.94 J
Fountain 25* ,95
Fountain 26* ,30.1
Fountain 27 ,13.9
Jackson (Mahalia),""
Outdoor,""
Fountain 1* ,361
Fountain 2* ,44
Jackson Playlot,""
Outdoor ,""
Fountain 1* ,30
Jacob,""
Outdoor,""
Fountain 1 High* ,16
Fountain 1 Low* ,16.4
Jefferson,""
Outdoor,""
Fountain 1* ,24.6
Jefferson Memorial,""
Indoor,""
Main Lobby ,2.47  J
Downstairs ,6.51
Upstairs ,4.77  J
Pool Building ,0.576  J
Outdoor ,""
Fountain 1 ,0.894 J
Fountain 2 ,0.343 J
Fountain 3 High* ,35.4
Fountain 3 Middle* ,2.18 J
Fountain 3 Low* ,2.28 J
Jefferson Playlot,""
Outdoor ,""
Fountain 1 High ,˂2.0 U
Fountain 1 Middle ,˂2.0 U
Fountain 1 Low ,˂2.0 U
Jensen,""
Outdoor,""
Fountain 1 High ,˂0.120 U
Fountain 1 Low ,˂0.120 U
Fountain 2 High ,0.179 J
Fountain 2 Low ,0.196 J
Jesse White Comm Ctr,""
Indoor,""
Outside Gym - High ,<0.120 U
Outside Gym - Low ,<0.120 U
Gymnastics Center - High ,0.263 J
Gymnastics Center - Low ,0.341 J
Jones,""
Outdoor ,""
Fountain 1 ,<2.0 U
Jonquil,""
Outdoor,""
Fountain 1* ,180
Fountian 2 High ,˂2.0 U
Fountain 2 Middle ,˂2.0 U
Fountain 2 Low ,˂2.0 U
Fountain 3* ,58
Junction Grove,""
Outdoor,""
Fountain 1* ,61.3
Juneway Beach,""
Outdoor,""
Fountain 1* ,62
Juniper,""
Outdoor,""
Fountain 1* ,18
Kedvale,""
Indoor,""
Lobby ,10.4
Outdoor,""
Fountain 1 Low ,˂0.120 U
Fountain 1 Middle ,˂0.120 U
Kelly,""
Outdoor,""
Fountain 1 High ,6.56
Fountain 1 Low ,5.52
Fountain 2 ,0.516 J
Fountain 3 ,5.39
Kells,""
Outdoor,""
Fountain 1* ,18.1
Kelvyn,""
Indoor,""
Gym Hallway ,3.94 J
Front Lobby ,5.91
Auditorium ,0.371 J
Oudoor,""
Fountain 1 ,5.08
Fountain 2 ,12.4
Fountain 3 ,7.08
Fountain 4* ,25
Kennedy,""
Indoor,""
Near Women's Locker Room ,0.184  J
Kitchen Sink ,<2.0 U
Outdoor ,""
Fountain 1* ,36.9
Fountain 2 ,1.29 J
Fountain 3 High ,0.204 J
Fountain 3 Middle ,0.284 J
Fountain 3 Low ,0.534 J
Fountain 4* ,28
Fountain 5 ,4.4 J
Fountain 6* ,68
Fountain 7 ,3.11 J
Fountain 8 ,4.04 J
Kennicott,""
Indoor,""
Main Lobby ,0.749 J
Fitness Center ,0.673 J
Near Girl's Restroom ,1.86 J
1st Floor Near Preschool Room* ,26.3
-Follow Up Sample 1 ,2.85 J
-Follow Up Sample 2 ,2.08 J
-Follow Up Sample 3 ,1.87 J
-Follow Up Sample 4 ,2.22 J
-Follow Up Sample 5 ,2.29 J
2nd Floor Near Restrooms ,0.868 J
2nd Floor Back of Building ,5.53
Large Kitchen Sink ,4.03 J
Senior Room Sink ,0.344 J
Kensington,""
Outdoor ,""
Fountain 1* ,28.5
Ken-Well,""
Indoor,""
Club Room ,2.49 J
Outdoor,""
"",Fountain 1* ,42
Kenwood,"",""
Outdoor ,"",""
"",Fountain 1 High* ,36
"",Fountain 1 Low* ,24
"",Fountain 2 ,3.5
"",Fountain 3 ,˂2.0 U
Kilborn,"",""
Indoor,"",""
"",Main Lobby ,1.18 J
"",Gym Hallway West ,0.191 J
"",Gym Hallway East ,0.307 J
Outdoor,"",""
"",Fountain 1* ,51.2
"",Fountain 2* ,31.9
"",Fountain 3* ,31.7
"",Fountain 4 ,12.9
King,"",""
Outdoor,"",""
"",Fountain 1 High ,0.309 J
"",Fountain 1 Low ,0.322 J
King-Lockhart,"",""
Outdoor,"",""
"",Fountain 1 High ,13.6
"",Fountain 1 Low ,14.3
Klein,"",""
Outdoor,"",""
"",Fountain 1 High ,˂2.0 U
"",Fountain 1 Low ,˂2.0 U
"",Fountain 1 Middle ,˂2.0 U
Kolmar,"",""
Outdoor,"",""
"",Fountain 1* ,38.7
Korczak,"",""
Outdoor,"",""
"",Fountain 1* ,16
Kosciuszko,"",""
Indoor,"",""
"",Lobby South Wall - High ,0.168  J
"",Lobby South Wall - Low ,0.161  J
"",Lobby West Wall ,0.138  J
"",Outdoor,""
"",Fountain 1 High* ,92.1
"",Fountain 1 Low* ,105
"",Fountain 2 High ,0.145 J
"",Fountain 2 Low ,0.163 J
"",Fountain 3 High ,˂0.120 U
"",Fountain 3 Middle ,˂0.120 U
"",Fountain 3 Low ,˂0.120 U
Krause,"",""
"",Outdoor,""
"",Fountain 1 High ,˂2.0 U
"",Fountain 1 Middle ,˂2.0 U
"",Fountain 1 Low ,˂2.0 U
Kucinski-Murphy,"",""
"",Outdoor ,""
"",Fountain 1 ,0.342 J
LaFollette,"",""
"",Indoor,""
"",Main Lobby ,1.13  J
"",Pool Area ,0.534  J
"",Kitchen Sink ,2.1
"",Outdoor,""
"",Fountain 1 High ,˂0.120 U
"",Fountain 1 Middle ,0.304 J
"",Fountain 1 Low ,˂0.120 U
"",Fountain 2 ,9.8
"",Fountain 3 ,7.16
"",Fountain 4 ,8.72
"",Fountain 5 High ,0.554 J
"",Fountain 5 Low ,0.52 J
Lake Shore,"",""
"",Indoor,""
"",Main Hallway ,0.161 J
"",Kitchen Sink ,2.8
"",Oudoor ,""
"",Fountain 1 High ,<2.0 U
"",Fountain 1 Low ,2.1
"",Fountain 2 High ,<2.0 U
"",Fountain 2 Middle ,<2.0 U
"",Fountain 2 Low ,<2.0 U
Lamb,"",""
Oudoor ,"",""
Fountain 1* ,"",41.8
Lane Beach,"",""
Outdoor ,"",""
Fountain 1 High* ,"",15
Fountain 1 Middle* ,"",12
Fountain 1 Low* ,"",8.5
Langdon,"",""
Outdoor ,"",""
Fountain 1* ,"",20
Langley,"",""
Outdoor ,"",""
Fountain 1 High ,"",4.61
Fountain 1 Low ,"",5.82
Fountain 2 High ,"",6.05
Fountain 2 Middle ,"",6.1
Fountain 2 Low ,"",6.7
LaVillita,"",""
Outdoor,"",""
Fountain 1 High ,"",˂0.120 U
Fountain 1 Middle ,"",˂0.120 U
Fountain 1 Low ,"",˂0.120 U
Fountain 2 High ,"",˂0.120 U
Fountain 2 Low ,"",˂0.120 U
Fountain 3 High ,"",˂0.120 U
Fountain 3 Middle ,"",˂0.120 U
Fountain 3 Low ,"",˂0.120 U
Lawler,"",""
Indoor,"",""
Club Room ,"",5.83
Outdoor,"",""
Fountain 1 High* ,"",42.1
Fountain 1 Low* ,"",44.8
Fountain 2 High ,"",0.807 J
Fountain 2 Low ,"",0.708 J
Fountain 2 Middle ,"",0.54 J
Lazarus,"",""
Outdoor ,"",""
Fountain 1 ,"",120
LeClaire Court,"",""
Indoor,"",""
Girl's Locker Room ,"",0.373  J
Boy's Locker Room ,"",0.25  J
Hallway to Gym ,"",1.36  J
Kitchen Sink ,"",<2.0 U
Outdoor,"",""
Fountain 1 ,"",1.38 J
Fountain 2* ,"",65.8
Fountain 3 ,"",7.71
Lee,"",""
Outdoor,"",""
Fountain 1 High ,"",6.52
Fountain 1 Low ,"",6.83
Legion,"",""
Outdoor,"",""
Fountain 1* ,"",118
Fountain 2* ,"",88.2
Fountain 3 ,"",12.6
Fountain 4* ,"",101
Fountain 5* ,"",73.9
Fountain 6* ,"",91.7
Leone Beach,"",""
Indoor,"",""
Near Bathroom ,"",9.2
Outdoor,"",""
Fountain 1* ,"",18
Lerner,"",""
Outdoor ,"",""
Fountain 1 ,"",1.67 J
Fountain 2 ,"",1.09 J
Fountain 3 ,"",5.71
Fountain 4 ,"",1.46 J
Levin,"",""
Outdoor,"",""
Fountain 1 ,"",0.21 J
Lincoln,"",""
Outdoor,"",""
Fountain 1 High ,"",˂2.0 U
Fountain 1 Low ,"",˂2.0 U
Fountain 2 ,"",˂2.0 U
Fountain 3 ,8.6
Fountain 4 ,3.2
Fountain 5 ,˂2.0 U
Fountain 6 High ,˂2.0 U
Fountain 6 Low ,˂2.0 U
Fountain 7 ,˂2.0 U
Fountain 8 ,˂2.0 U
Fountain 9* ,95
Fountain 10 ,4.2
Fountain 11 High ,˂2.0 U
Fountain 11 Middle ,˂2.0 U
Fountain 11 Low ,2.9
Fountain 12* ,16
Fountain 13 ,˂2.0 U
Fountain 15 North ,˂2.0 U
Fountain 15 East ,˂2.0 U
Fountain 15 South ,˂2.0 U
Fountain 15 West ,˂2.0 U
Fountain 16 ,˂2.0 U
Fountain 18 High ,˂2.0 U
Fountain 18 Low ,˂2.0 U
Fountain 19 ,14
Fountain 20 North ,2.7
Fountain 20 East ,2.4
Fountain 20 South ,2.1
Fountain 20 West ,2.8
Fountain 21 ,13
Fountain 22* ,39
Fountain 23* ,140
Fountain 24 ,˂2.0 U
Fountain 25* ,16
Fountain 26 ,˂2.0 U
Fountain 27 North * ,12
Fountain 27 East* ,20
Fountain 27 South* ,15
Fountain 27 West* ,11
Fountain 30 ,˂2.0 U
Fountain 31 High ,˂2.0 U
Fountain 31 Low ,˂2.0 U
Fountain 31 North ,2.8
Fountain 32 East ,3.7
Fountain 32 South ,3.7
Fountain 32 West ,24
Fountain 33* ,110
Fountain 34 North* ,15
Fountain 34 East* ,18
Fountain 34 South* ,14
Fountain 34 West* ,15
Fountain 35 North ,9.6
Fountain 35 East ,11
Fountain 35 South ,11
Fountain 35 West ,9.7
Fountain 36 ,4.2
Fountain 37* ,36
Fountain 38* ,22
Fountain 39 North ,˂2.0 U
Fountain 39 East ,˂2.0 U
Fountain 39 South ,˂2.0 U
Fountain 39 West ,˂2.0 U
Fountain 40 ,˂2.0 U
Fountain 41 ,˂2.0 U
Fountain 42 ,˂2.0 U
Fountain 43 ,˂2.0 U
Fountain 44 ,˂2.0 U
Fountain 46 ,˂2.0 U
Fountain 47 North ,˂2.0 U
Fountain 47 South ,˂2.0 U
Fountain 47 East ,˂2.0 U
Fountain 47 West ,˂2.0 U
Fountain 48 ,2.7
Fountain 49 North ,˂2.0 U
Fountain 49 East ,˂2.0 U
Fountain 49 South ,˂2.0 U
Fountain 49 West ,˂2.0 U
Fountain 50 North ,˂2.0 U
Fountain 50 East ,˂2.0 U
Fountain 50 South ,˂2.0 U
Fountain 50 West ,˂2.0 U
Fountain 51 ,˂2.0 U
Fountain 52 High ,˂2.0 U
Fountain 52 Low ,˂2.0 U
Fountain 53 ,˂2.0 U
Fountain 54 High ,˂2.0 U
Fountain 54 Middle ,˂2.0 U
Fountain 54 Low ,˂2.0 U
Fountain 56 High ,˂2.0 U
Fountain 56 Middle ,˂2.0 U
Fountain 56 Low ,˂2.0 U
Fountain 57* ,22
Fountain 58* ,41
Fountain 59* ,44
Fountain 60 ,˂2.0 U
Fountain 61 ,14
Fountain 62 ,5.6
Fountain 63 ,4.1
Fountain 64 ,2.9
Fountain 65 ,˂2.0 U
Fountain 67 ,˂2.0 U
Fountain 68* ,20
Fountain 69 High ,˂2.0 U
Fountain 69 Middle ,˂2.0 U
Fountain 69 Low ,˂2.0 U
Fountain 70 ,2.1
Fountain 71 ,2.0
Founntain 72 ,12
Fountain 73 ,˂2.0 U
Fountain 74 High ,˂2.0 U
Fountain 74 Low ,˂2.0 U
Fountain 74 Dog ,˂2.0 U
Fountain 75 High ,˂2.0 U
Fountain 75 Middle ,˂2.0 U
Fountain 75 Low ,˂2.0 U
Fountain 76 High ,˂2.0 U
Fountain 76 Low ,˂2.0 U
Fountain 77 ,4.6
Fountain 78* ,130
Fountain 79 High ,˂2.0 U
Fountain 79 Low ,˂2.0 U
Fountain 79 Dog ,˂2.0 U
Fountain 80 ,9.7
Lincoln Park Cultural Center,""
Indoor,""
Main Lobby ,0.309 J
Basement by EC Room ,0.165 J
Lincoln Park Margate,""
Indoor,""
South Hallway ,0.154 J
Lincoln Park South Athletic Fieldhouse,""
Indoor,""
Between Bathrooms ,0.948 J
Lindbloom,""
Indoor,""
Main Lobby - High ,0.189  J
Main Lobby - Low ,0.15  J
Outdoor,""
Fountain 1 High* ,16.4
Fountain 1 Low* ,13.3
"",Fountain 2 ,3.25
"",Fountain 3* ,27.4
Linden,"",""
"",Outdoor,""
"",Fountain 1 ,0.19 J
Limas,"",""
"",Outdoor,""
"",Fountain 1* ,27.7
Little Venice,"",""
"",Outdoor,""
"",Fountain 1 ,1.69 J
Livingston,"",""
"",Outdoor,""
"",Fountain 1 High ,0.511 J
"",Fountain 1 Low ,0.563 J
Logan SOutdoor,"",""
"",Fountain 1 High ,˂2.0 U
"",Fountain 1 Low ,˂2.0 U
Lowe,"",""
"",Indoor,""
"",Main Lobby ,0.347 J
"",Outdoor,""
"",Fountain 1 High ,7.95
"",Fountain 1 Middle ,1.17 J
"",Fountain 1 Low ,0.992 J
Loyola,"",""
"",Indoor,""
"",1st Floor Near Office ,0.46  J
"",2nd Floor Main Hallway ,0.543  J
"",Men's Locker Room ,2.49  J
"",Women's Locker Room ,0.94  J
"",Outdoor,""
"",Fountain 2* ,38
"",Fountain 3 ,˂2.0 U
"",Fountain 4 ,˂2.0 U
"",Fountain 5 ,14
"",Fountain 6 High* ,13
"",Fountain 6 Low* ,15
"",Fountain 7* ,26
Luella,"",""
Outdoor,"",""
Fountain 1* ,"",37
Fountain 2 High* ,"",18
Fountain 2 Low* ,"",12
Luna,"",""
Outdoor,"",""
Fountain 1* ,"",92.4
Lunt,"",""
Outdoor ,"",""
Fountain 1 ,"",3.61 J
Maggie Daley,"",""
Indoor,"",""
Lobby - High ,"",<0.120 U
Lobby - Low ,"",<0.120 U
Kitchen Sink ,"",<2.0 U
Magnolia,"",""
Outdoor,"",""
Fountain 1 ,"",2.43 J
Malus,"",""
Outdoor,"",""
Fountain 1 High* ,"",34.8
Fountain 1 Low* ,"",36.3
Mandrake,"",""
Indoor,"",""
Kitchen Sink ,"",<2.0 U
Outdoor,"",""
Fountain 1 High ,"",˂2.0 U
Fountain 1 Low ,"",˂2.0 U
Fountain 2 ,"",˂2.0 U
Fountain 3 ,"",˂2.0 U
Fountain 4 High ,"",˂2.0 U
Fountain 4 Low ,"",˂2.0 U
Fountain 5 ,"",˂2.0 U
Fountain 6 ,"",˂2.0 U
Mann,"",""
Indoor,"",""
Pool Deck ,"",3.44  J
Women's Upstairs Locker ,"",2.2  J
"",Men's Upstairs Locker ,2.58  J
"",Downstairs Near Washrooms ,1.71  J
"",Outdoor,""
"",Fountain 1 Low ,2.4
"",Fountain 1 High ,˂2.0 U
"",Fountain 2 Low ,12
"",Fountain 2 High ,12
"",Fountain 3 High ,5.3
"",Fountain 3 Low ,˂2.0 U
"",Fountain 4 High ,6.9
"",Fountain 4 Low ,12
Maple,"",""
"",Outdoor,""
"",Fountain 1* ,86.6
Maplewood,"",""
"",Outdoor,""
"",Fountain 1 High* ,66
"",Fountain 1 Middle* ,70
"",Fountain 1 Low* ,52
Marquette ,"",""
"",Indoor,""
"",East Washroom - High ,0.142 J
"",East Washroom - Low ,0.18 J
"",Women's Locker Room - High ,0.714 J
"",Women's Locker Room - Low ,0.512 J
"",Main Hallway - High* ,27.4
"",Main Hallway - Low* ,51.6
"",Basement ,2.1 J
"",Kitchen Sink ,<2.0 U
"",Oudoor ,""
"",Fountain 1 High ,3.41 J
"",Fountain 1 Middle ,1.05 J
"",Fountain 1 Low ,2.53 J
"",Fountain 2 ,2.57 J
"",Fountain 3 High ,1.65 J
"",Fountain 3 Low ,1.64 J
"",Fountain 4* ,30.4
"",Fountain 5 ,1.61 J
"",Fountain 6 ,9.18
"",Fountain 7 ,8.37
"",Fountain 8 ,0.425 J
"",Fountain 9 ,0.535 J
"",Fountain 10 High ,8.85
"",Fountain 10 Low ,12.3
"",Fountain 11 ,0.543 J
"",Fountain 12 High ,<0.120 U
"",Fountain 12 Low ,<0.120 U
Marshfield,"",""
Outdoor ,"",""
"",Fountain 1 High ,1.52 J
"",Fountain 1 Low ,1.57 J
Mason,"",""
Outdoor,"",""
"",Fountain 1 ,<0.120 U
"",Fountain 2 ,<0.120 U
Matanky,"",""
Outdoor,"",""
"",Fountain 1 ,8
Mather,"",""
Indoor,"",""
"",Main Lobby ,0.379  J
Outdoor ,"",""
"",Fountain 1 High ,0.316 J
"",Fountain 1 Middle ,0.325 J
"",Fountain 1 Low ,0.302 J
"",Fountain 3 ,5.62
Mayfair,"",""
Indoor,"",""
"",By Women's Washroom ,2.77 J
Outdoor,"",""
"",Fountain 1 High ,0.316 J
"",Fountain 1 Middle ,0.308 J
"",Fountain 1 Low ,0.343 J
McFetridge,"",""
Indoor,"",""
"",Men's Locker Room ,0.227 J
"",Women's Locker Room ,0.256 J
"",Pool Deck - High ,<0.120 U
"",Pool Deck - Low ,0.27 J
McGuane,"",""
Indoor,"",""
"",Near Gym ,0.481 J
"",Pool Area ,<0.120 U
"",Balcony by Table Tennis ,0.717 J
Outside Meeting Room ,1.0 J
Kitchen Sink ,2.3
Outdoor ,""
Fountain 1 High ,14.6
Fountain 1 Low ,12.5
Fountain 2 High* ,52.9
Fountain 2 Middle * ,53.7
Fountain 2 Low* ,57.2
Fountain 3 High* ,46
Fountain 3 Low* ,54.5
Fountain 4 High ,1.68 J
Fountain 4 Low ,1.37 J
Fountain 5 High ,0.555 J
Fountain 5 Low ,0.662 J
McInerney,""
Outdoor ,""
Fountain 1 ,<0.120 U
McKiernan,""
Indoor,""
Club Room - High ,1.01 J
Club Room - Low ,0.579 J
Outdoor ,""
Fountain 1* ,23.6
McKinley,""
Indoor,""
Outside Men's Room ,0.888  J
Outside Women's Room ,1.14  J
Outside Gymnastics Center ,1.64  J
Outside Gym ,6.35
Kitchen Sink ,<2.0 U
Outdoor ,""
Fountain 1* ,16.4
Fountain 2 ,11.8
Fountain 3* ,26
Fountain 4 ,1.48
Fountain 5 ,1.04
Mellin,""
Outdoor ,""
Fountain 1 High ,4.93 J
Fountain 1 Middle ,6.3
Fountain 1 Low ,5.17
Memorial Playlot,""
"",Outdoor,""
"",Fountain 1 High* ,7.96
"",Fountain 1 Low* ,59.8
"",Fountain 2 ,8.31
Merrill,"",""
"",Outdoor,""
"",Fountain , ˂2.0 U
Merrimac,"",""
"",Indoor,""
"",Hall Near Lobby ,0.956 J
"",Hall Furthest from Lobby ,0.977 J
"",Outdoor,""
"",Fountain 1 High ,0.814 J
"",Fountain 1 Low ,0.692 J
"",Fountain 2 High ,0.676 J
"",Fountain 2 Middle ,0.588 J
"",Fountain 2 Low ,0.645 J
"",Fountain 3 High ,0.858 J
"",Fountain 3 Low ,2.33 J
Merryman,"",""
"",Outdoor,""
"",Fountain 1 High ,˂2.0 U
"",Fountain 1 Middle ,˂2.0 U
"",Fountain 1 Low ,˂2.0 U
Metcalfe,"",""
"",Outdoor ,""
"",Fountain 1 High* ,22
"",Fountain 1 Low* ,27
"",Fountain 2* ,16
"",Fountain 3* ,41
Meyering,"",""
"",Indoor,""
"",Near Entrance ,4.59 J
"",Outdoor,""
"",Fountain 1 ,0.594 J
"",Fountain 2 High ,0.738 J
"",Fountain 2 Low ,0.762 J
Miami,"",""
"",Outdoor,""
"",Fountain 1 High ,1.31 J
"",Fountain 1 Middle ,1.28 J
"",Fountain 1 Lowe ,1.37 J
Micek,"",""
"",Outdoor,""
"",Fountain 1 High ,˂0.120 U
"",Fountain 1 Middle ,˂0.120 U
"",Fountain 1 Low ,˂0.120 U
Midway Plaisance,"",""
"",Indoor,""
"",Kitchen Sink ,<2.0 U
"",Outdoor ,""
"",Fountain 1 ,0.746 J
"",Fountain 2 ,0.655 J
"",Fountain 4 ,0.146 J
"",Fountain 5* ,54.9
"",Fountain 6 ,0.809 J
Miller ,"",""
"",Outdoor ,""
"",Fountain 1 High* ,21
"",Fountain 1 Low* ,22
Minuteman,"",""
"",Outdoor,""
"",Fountain 1 High* ,15.7
"",Fountain 1 Middle* ,15.7
"",Fountain 1 Low* ,15.7
"",Fountain 2* ,31.7
Moccasin Ranch,"",""
"",Outdoor,""
"",Fountain 1* ,59.8
Monticello,"",""
"",Outdoor,""
"",Fountain 1 ,1.01
Monument,"",""
"",Outdoor,""
"",Fountain 1* ,21.6
Moore,"",""
"",Indoor ,""
"",Lobby - High ,<0.120 U
"",Lobby - Low ,<0.120 U
"",Outdoor,""
"","",Fountain 1 High ,<0.120 U
"","",Fountain 1 Middle ,<0.120 U
"","",Fountain 1 Low ,<0.120 U
Moran,"","",""
"",Indoor,"",""
"","",Club Room ,1.82  J
"",Outdoor,"",""
"","",Fountain 1* ,73.1
"","",Fountain 2 ,1.92
"","",Fountain 3* ,49.4
Morgan Field,"","",""
"",Outdoor,"",""
"","",Fountain 1 ,10.6
Morgan Park Sports Center,"","",""
"",Indoor,"",""
"","",Lobby - High ,<0.120 U
"","",Lobby - Low ,<0.120 U
"","",Upstairs - High ,<0.120 U
"","",Upstairs - Low ,<0.120 U
Mozart,"","",""
"",Indoor,"",""
"","",Lobby ,0.587 J
"","",Hallway by Bathrooms ,0.272 J
"",Outdoor,"",""
"","",Fountain 1* ,16.6
Mt. Greenwood,"","",""
"",Indoor,"",""
"","",Main Hallway ,15.1
"","",Follow-Up #1 ,0.271  J
"","",Follow-Up #2 ,0.383  J
"","",Follow-Up #3 ,0.518  J
"","",Follow-Up #4 ,0.684 J
"","",Follow-Up #5 ,0.670 J
"","",Follow-Up #6 ,0.638 J
"","",Women's Locker Room ,2.55  J
"","",Kitchen Sink ,<2.0 U
"",Outdoor,"",""
"","",Fountain 1 High* ,35.8
"","",Fountain 1 Low* ,38.7
"","",Fountain 2 High ,2.49 J
"","",Fountain 2 Middle ,2.97 J
"","",Fountain 2 Low ,2.31 J
"",Fountain 3* ,46.7
"",Fountain 4 High ,7.1
"",Fountain 4 Low ,5.09
Mulberry,"",""
Outdoor ,"",""
"",Fountain 1 ,11.5
Munroe,"",""
Indoor,"",""
"",Club Room ,9.71
Outdoor,"",""
"",Fountain 1 High ,0.472 J
"",Fountain 1 Middle ,0.592 J
"",Fountain 1 Low ,0.577 J
"",Fountain 2 ,3.41 J
Murray,"",""
Indoor,"",""
"",Club Room East* ,88.2
"",Club Room West* ,78.2
Nichols,"",""
Outdoor,"",""
"",Fountain 1 High ,<0.120 U
"",Fountain 1 Low ,<0.120 U
"",Fountain 2 ,1.32 J
"",Fountain 3* ,157
"",Fountain 4 ,2.21 J
Ninebark,"",""
Outdoor,"",""
"",Fountain 1 ,20
Noethling,"",""
Outdoor,"",""
"",Fountain 1* ,18
"",Fountain 2 Dog ,9.7
Normandy,"",""
Indoor,"",""
"",Club Room ,10.3
Outdoor,"",""
"",Fountain 1* ,59.4
"",Fountain 2 High ,7.89
"",Fountain 2 Middle ,9.29
"",Fountain 2 Low ,6.33
North Mayfair,""
Outdoor,""
Fountain 1* ,37.2
North Park Village Nature Center,""
Indoor,""
Hallway East ,<0.120 U
Northerly Island,""
Outdoor,""
Fountain 1 ,6.1
Fountain 2 High ,<2.0 U
Fountain 2 Low ,<2.0 U
Fountain 3 High ,<2.0 U
Fountain 3 Low ,<2.0 U
Norwood Park,""
Indoor,""
Lobby ,0.273 J
Fitness Center ,<0.120 U
Women's Locker Room* ,23.5
Kitchen Sink ,2.1
Outdoor,""
Fountain 1 High ,0.332 J
Fountain 1 Low ,0.228 J
Fountain 1 Dog ,0.239 J
Fountain 2 High* ,20.5
Fountain 2 Low* ,16
Fountain 3 ,3.86 J
Fountain 4 ,0.174 J
Fountain 5 ,2.21 J
Fountain 6* ,20.5
Fountain 7 High* ,39.2
Fountain 7 Low* ,14.1
Nottingham,""
Outdoor,""
Fountain 1 High ,1.54 J
Fountain 1 Low ,2.0 J
Oakdale,""
Indoor,""
Front Entrance ,<0.120 U
Kitchen Sink ,<2.0 U
Outdoor ,""
Fountain 1 High ,<0.120 U
"","",Fountain 1 Low ,0.164 J
"","",Fountain 2 High ,3.7 J
"","",Fountain 2 Low ,3.73 J
"","",Fountain 3* ,141
Ogden,"","",""
"",Indoor,"",""
"","",Lobby - High ,0.525 J
"","",Lobby - Low ,<0.120 U
"",Outdoor,"",""
"","",Fountain 2 ,5.96
"","",Fountain 3 High ,<0.120 U
"","",Fountain 3 Low ,<0.120 U
"","",Fountain 4 High ,0.143 J
"","",Fountain 4 Low ,0.133 J
"","",Fountain 5 ,3.32 J
O'Hallaren,"","",""
"",Indoor,"",""
"","",Kitchen Sink ,3.9
"",Outdoor,"",""
"","",Fountain 1 High* ,15.1
"","",Fountain 1 Middle* ,15
"","",Fountain 1 Low* ,12.3
"","",Fountain 2 High ,3.35 J
"","",Fountain 2 Low ,3.39 J
Ohio,"","",""
"",Outdoor,"",""
"","",Fountain 1 High ,0.571 J
"","",Fountain 1 Middle ,0.665 J
"","",Fountain 1 Low ,0.57 J
Ohio and Harding,"","",""
"",Outdoor,"",""
"","",Fountain 1 High* ,22.7
"","",Fountain 1 Low* ,21.3
Olympia,"","",""
"",Indoor,"",""
"","",Front Lobby Test 1 ,2.53 J
"","",Front Lobby Test 2 ,3.7
"","",Middle of Building ,2.5
"","",Kitchen Sink ,11
"",Outdoor,"",""
"","",Fountain 1* ,34.3
"","",Fountain 2 ,2.18 J
"","",Fountain 3* ,43.9
Oriole,"","",""
"",Indoor,"",""
"","",Inside Front Entrance ,0.822  J
"",Outdoor,"",""
"","",Fountain 1 ,6.18
"","",Fountain 2 High ,2.07 J
"","",Fountain 2 Middle ,4.44 J
"","",Fountain 2 Low ,3.76 J
"","",Fountain 3* ,36.5
"","",Fountain 4 ,2.52 J
"","",Fountan 5 ,4.54 J
"","",Fontain 6 High* ,26.8
"","",Fountain 6 Low* ,20.7
Owens,"","",""
"",Indoor,"",""
"","",Fitness Area ,<0.120 U
"","",Hallway ,<0.120 U
"",Outdoor,"",""
"","",Fountain 1 ,˂2.0
"","",Fountain 2 High ,2.2
"","",Fountain 2 Middle ,2.3
"","",Fountain 2 Low ,2.2
Oz,"","",""
"",Outdoor,"",""
"","",Fountain 1 High* ,18
"","",Fountain 1 Low* ,19
"","",Fountain 2 High* ,33
"","",Fountain 2 Middle* ,29
"","",Fountain 2 Low* ,18
"","",Fountain 3 High ,4.2
"","",Fountain 3 Middle ,4.2
"","",Fountain 3 Low ,4.9
Packingtown,"","",""
"",Outdoor ,"",""
"","",Fountain 1* ,311
Palmer,"","",""
"",Indoor,"",""
"","",Main Lobby ,0.19  J
"","",Main Level Hallway ,0.267  J
Outdoor ,""
Fountain 1 High ,0.211 J
Fountain 1 Low ,0.183 J
Fountain 2 High ,<0.120 U
Fountain 2 Low ,0.152 J
Fountain 3 High ,<0.120 U
Fountain 3 Low ,<0.120 U
Fountain 4 ,14.6
Fountain 5* ,15.1
Fountain 6 ,0.513 J
Fountain 7 ,0.921 J
Fountain 8* ,22.9
Palmer Ceramics Building,""
Indoor,""
Club Room ,2.24 J
Palmer Men's Gym Building,""
Indoor,""
Lobby Area ,<0.120 U
Palmer Square,""
Outdoor,""
Fountain 1 High ,0.266 J
Fountain 1 Middle ,0.343 J
Fountain 1 Low ,0.209 J
Fountain 2 ,0.426 J
Palmisano,""
Outdoor ,""
Fountain 1 High ,0.156 J
Fountain 1 Low ,0.164 J
Park 399,""
Outdoor,""
Fountain 1 High ,0.231 J
Fountain 1 Low ,0.177 J
Park 442,""
Outdoor,""
Fountain 1* ,49.2
Park 500,""
Outdoor,""
Fountain 1 ,˂0.120 U
Park 514,""
"",Fountain 4 High ,˂2.0 U
"",Fountain 4 Low ,˂2.0 U
"",Fountain 5 High ,2.6
"",Fountain 5 Low ,2
Park 551,"",""
Outdoor,"",""
"",Fountain 1 High ,<2.0 U
"",Fountain 1 Middle ,<2.0 U
"",Fountain 1 Low ,<2.0 U
"",Fountain 2 Dog ,<2.0 U
Park 552,"",""
Outdoor,"",""
"",Fountain 1 High ,5.16
"",Fountain 1 Middle ,1.22 J
Park 556,"",""
Outdoor,"",""
"",Fountain 1 High ,˂2.0 U
"",Fountain 1 Low ,˂2.0 U
"",Fountain 1 Middle ,˂2.0 U
Park 568,"",""
Outdoor ,"",""
"",Fountain 1 High ,<0.120 U
"",Fountain 1 Middle ,<0.120 U
Park 569,"",""
Outdoor ,"",""
"",Fountain 1 High ,˂2.0 U
"",Fountain 1 Low ,˂2.0 U
"",Fountain 1 Dog ,˂2.0 U
Park 572,"",""
Outdoor,"",""
"",Fountain 1 High ,<0.120 U
"",Fountain 1 Middle ,<0.120 U
"",Fountain 1 Low ,<0.120 U
"",Fountain 2 High ,0.284 J
"",Fountain 2 Middle ,0.32 J
"",Fountain 2 Low ,0.39 J
"",Fountain 3 High ,0.186 J
"",Fountain 3 Middle ,0.248 J
"",Fountain 3 Low ,0.167 J
Park 574,"",""
Outdoor ,""
Fountain 1 High ,˂2.0 U
Fountain 1 Middle ,˂2.0 U
Fountain 1 Low ,˂2.0 U
Park View,""
Outdoor,""
Fountain 1 High* ,120
Fountain 1 Low* ,109
Park West,""
Outdoor,""
Fountain 1 High* ,83
Fountain 1 Low* ,66
Parsons,""
Outdoor,""
Fountain 1 High ,0.629 J
Fountain 1 Middle ,0.514 J
Fountain 1 Low ,0.493 J
Paschen,""
Outdoor,""
Fountain 1* ,77
Pasteur,""
Indoor,""
Club Room ,<0.120 U
Outdoor,""
Fountain 1 ,5.03
Fountain 2* ,30.1
Periwinkle,""
Outdoor,""
Fountain 1 High* ,77.4
Fountain 1 Low* ,67.3
Peterson,""
Indoor,""
Hallway East ,2.45 J
2nd Floor ,0.343 J
Outdoor ,""
Fountain 1* ,50.5
Fountain 2* ,53.1
Fountain 3 ,2.61 J
Pietrowski,""
"",Outdoor,""
"",Fountain 1 - High ,7.7
"",Fountain 1 - Low ,7.8
Pine,"",""
"",Outdoor,""
"",Fountain 1 High ,2.8
"",Fountain 1 Low ,2.8
Ping Tom,"",""
"",Indoor,""
"",Near Washrooms ,<0.120 U
"",Fitness Center ,<0.120 U
"",Pool Deck Women's ,<0.120 U
"",Pool Deck Men's ,<0.120 U
"",Kitchen Sink ,<2.0 U
"",Outdoor ,""
"",Fountain 1 High ,2.1
"",Fountain 1 Low ,2.1
"",Fountain 2 High ,˂2.0 U
"",Fountain 2 Low ,˂2.0 U
"",Fountain 3 High ,˂2.0 U
"",Fountain 3 Low ,˂2.0 U
"",Fountain 4 High ,˂2.0 U
"",Fountain 4 Low ,˂2.0 U
Piotrowski ,"",""
"",Indoor ,""
"",Main Lobby - High ,0.128  J
"",Main Lobby - Low ,<0.120  U
"",Lower Level Nera Fitness - High ,<0.120  U
"",Lower Level Nera Fitness - Low ,0.271  J
"",Pool Area ,<0.120  U
"",Men's Locker Room ,0.481  J
"",Women's Locker Room ,0.363  J
"",Pool Deck ,3.43 J
"",Women's Washroom ,0.153 J
"",Men's Washroom ,1.12 J
"",Outdoor,""
"",Fountain 1 High ,˂0.120 U
"",Fountain 1 Low ,˂0.120 U
"",Fountain 2 High ,˂0.120 U
"",Fountain 2 Middle ,˂0.120 U
"",Fountain 2 Low ,˂0.120 U
"",Fountain 3 High* ,12.5
"",Fountain 3 Low* ,22
"",Fountain 4 High* ,52.6
"",Fountain 4 Low* ,31.6
"",Fountain 5 High ,1.75 J
"",Fountain 5 Low ,1.22 J
"",Fountain 6 High* ,12
"",Fountain 6 Low* ,15.7
Pleasant Point,"",""
Outdoor,"",""
"",Fountain 1 High ,2.16 J
"",Fountain 1 Middle ,2.55 J
"",Fountain 1 Low ,2.16 J
Poplar,"",""
Outdoor ,"",""
"",Fountain 1 High* ,15
"",Fountain 1 Low* ,15
Portage,"",""
Outdoor,"",""
"",Fountain 1 High* ,92.4
"",Fountain 1 Low* ,102
"",Fountain 2 High ,0.372 J
"",Fountain 2 Low ,0.345 J
"",Fountain 2 Dog ,0.575 J
"",Fountain 3* ,59
"",Fountain 4 High ,1.83 J
"",Fountain 4 Low ,1.58 J
"",Fountain 5 High ,1.85 J
"",Fountain 5 Low ,2.43 J
"",Fountain 6* ,39.5
"",Fountain 7 High* ,7.07
"",Fountain 7 Low* ,15.7
"",Fountain 8 High ,0.269 J
"",Fountain 8 Middle ,0.129 J
"",Fountain 8 Low ,0.159 J
"",Fountain 9 ,6.73
"",Fountain 10* ,36.8
"",Fountain 11* ,22.3
"",Fountain 12 East* ,23.2
"",Fountain 12 South* ,24.5
"",Fountain 12 West* ,23.3
"",Fountain 12 North * ,29.9
"",Fountani 13* ,75.8
"",Fountain 14* ,43.7
Portage Senior Center,"",""
Indoor,"",""
"",Lobby - High ,0.149 J
"",Lobby - Low ,0.142 J
Pottawatomie,"",""
Indoor,"",""
"",Hallway by Bathroom ,0.293 J
Outdoor,"",""
"",Fountain 1 High ,4.5
"",Fountain 1 Low ,8.7
"",Fountain 1 Dog ,<2.0 
"",Fountain 2 ,3.7
"",Fountain 3* ,30
"",Fountain 4 ,2.8
"",Fountain 5 High ,<2.0 
"",Fountain 5 Low ,<2.0 
Pritzker,"",""
Outdoor,"",""
"",Fountain 1 High ,<2.0 U
"",Fountain 1 Low ,<2.0 U
Privet,"",""
Outdoor,"",""
"",Fountain 1* ,130
Prospect Gardens,"",""
Outdoor,"",""
"",Fountain 1 ,3.3 J
"",Fountain 2* ,23.3
Pulaski,"",""
Indoor,"",""
"",East Corridor ,2.32 J
"",West Corridor ,0.122 J
"",Pool Deck ,1.5 J
"",Outside Pool Area ,0.236 J
"",Kitchen Sink ,2.9
Outdoor,"",""
"",Fountain 1 ,0.582 J
"",Fountain 2 ,1.43 J
"",Fountain 3 ,˂0.120
"",Fountain 5 High ,1.19 J
"",Fountain 5 Low ,0.635 J
Railroad Junction,"",""
Outdoor,"",""
"",Fountain 1* ,27.7
Rainbow Beach,""
Indoor,""
Near Gym ,<0.120 U
Fitness Center ,<0.120 U
Outdoor ,""
Fountain 1 ,˂2.0 U
Fountan 2 ,˂2.0 U
Fountain 3 ,2.6
Fountain 4 ,˂2.0 U
Fountain 5 ,˂2.0 U
Fountain 6 ,7.3
Fountain 7* ,40
Rainer,""
Outdoor,""
Fountain 1 ,0.207 J
Fountain 2 ,0.237 J
Fountain 3 ,10.8
Ravenswood Manor,""
Outdoor,""
Fountain 1 ,0.128 J
Renaissance,""
Outdoor,""
Fountain 1 ,<0.120 U
Revere,""
Indoor,""
Main Lobby ,0.885 J
Basement by Locker Rooms* ,17.6
Outdoor,""
Fountain 1 ,˂0.120 U
Fountain 2* ,32.3
Fountain 3 High ,0.16 J
Fountain 3 Middle ,0.192 J
Fountain 3 Low ,0.298 J
Fountain 4 ,13.8
Revere Boys & Girls Club,""
Indoor,""
Game Room ,0.351 J
Kitchen ,0.603 J
Reyes,""
Outdoor ,""
"","",Fountain 1* ,41
Ridge,"","",""
"",Indoor,"",""
"","",Entrance Near Counter ,0.123  J
"","",Outside 2nd Floor Gym - High ,0.33  J
"","",Outside 2nd Floor Gym - Low ,0.341  J
"","",Pool Area - High ,8.64
"","",Pool Area - Low ,9.05
"","",Kitchen Sink ,5.1
"",Outdoor,"",""
"","",Fountain 2 ,12
"","",Fountain 3* ,104
Riis,"","",""
"",Indoor,"",""
"","",Entrance ,0.516 J
"",Outdoor,"",""
"","",Fountain 2 ,13.1
"","",Fountain 3 ,2.64 J
"","",Fountain 4* ,15.4
"","",Fountain 5 ,2.79 J
"","",Fountain 6 ,8.36
"","",Fountain 7 ,10.1
"","",Fountain 8 ,5.36
"","",Fountain 9 ,0.308 J
"","",Fountain 10* ,27.7
"","",Fountain 11 High ,˂0.120 U
"","",Fountain 11 Low ,˂0.120 U
"","",Fountain 12 High* ,70.8
"","",Fountain 12 Low* ,71.7
"","",Fountain 13 ,0.179 J
"","",Fountain 14 ,˂0.120 U
"","",Fountain 15 ,˂0.120 U
"","",Fountain 16 ,2.21 J
River,"","",""
"",Indoor,"",""
"","",Outside Bathrooms ,0.236 J
"","",Main Lobby ,<0.120 U
"",Outdoor ,"",""
"","",Fountain 1 ,0.462 J
"","",Fountain 2 High ,0.219 J
"","",Fountain 2 Low ,0.445 J
"","",Fountain 3 ,0.17 J
"","",Fountain 4 High ,<0.120 U
"","",Fountain 4 Middle ,<0.120 U
Fountain 4 Low ,<0.120 U
Fountain 5 High ,<0.120 U
Fountain 5 Low ,<0.120 U
Fountain 5 Dog ,<0.120 U
Fountain 6 ,2.68 J
Fountain 7 ,4.13 J
Fountain 8 High ,0.593 J
Fountain 8 Low ,0.654 J
Roberts Square,""
Outdoor ,""
Fountain 1 ,3.72 J
Robichaux,""
Indoor,""
Lobby - High ,1.01 J
Lobby - Low ,0.46 J
Women's Locker Room ,4.12 J
Men's Locker Room ,7.46
Outdoor ,""
Fountain 1 ,11.3
Fountain 2 ,0.782 J
Fountain 3* ,38.4
Robinson,""
Indoor,""
Main Lobby ,4
Kitchen Sink ,<2.0 U
Outdoor ,""
Fountain 1 High ,0.635 J
Fountain 1 Middle ,4.26 J
Fountain 1 Low ,2.99 J
Fountain 2 ,14.6
Rogers,""
Indoor,""
Main Lobby ,0.154 J
Outdoor ,""
Fountain 1* ,28.3
Fountain 2 ,14.7
Fountain 3 ,5.19
Fountain 4* ,16
Rogers Beach,""
Outdoor ,""
Fountain 1 High* ,37
Fountain 1 Low* ,35
Ronan,"",""
Outdoor ,"",""
Fountain 1 High ,"",0.261 J
Fountain 1 Low ,"",0.145 J
Fountain 1 Dog ,"",0.204 J
Fountain 2 High ,"",0.194 J
Fountain 2 Low ,"",0.229 J
Roosevelt,"",""
Outdoor,"",""
Fountain 1* ,"",22
Rosedale,"",""
Indoor,"",""
Lobby ,"",0.819 J
Outdoor,"",""
Fountain 1 High ,"",2.28 J
Fountain 1 Middle ,"",0.479 J
Fountain 1 Low ,"",0.546 J
Fountain 2 ,"",0.99 J
Rosenblum,"",""
Outdoor ,"",""
Fountain 1 High ,"",1.99 J
Fountain 1 Low ,"",0.487 J
Fountain 2 High ,"",2.6 J
Fountain 2 Low ,"",2.06 J
Fountain 3 High ,"",0.941 J
Fountain 3 Low ,"",0.842 J
Rowan,"",""
Indoor,"",""
By East Gym Doors ,"",0.39 J
By West Gym Doors ,"",0.489 J
Outdoor,"",""
Fountain 1* ,"",67
Fountain 2* ,"",17
Fountain 3 High ,"",˂2.0 U
Fountain 3 Low ,"",˂2.0 U
Russell Square,"",""
Indoor,"",""
Northwest Hallway ,"",0.721  J
Outdoor,"",""
Fountain 1* ,"",76
Fountain 2* ,"",18
Fountain 4* ,17
Fountain 5 ,3
Fountain 6 ,13
Rutherford Sayre,""
Indoor,""
Outside Gym ,8.28
Outdoor,""
Fountain 1 High ,0.304 J
Fountain 1 Low ,0.349 J
Fountain 2 High ,˂0.120 U
Fountain 2 Middle ,˂0.120 U
Fountain 2 Low ,˂0.120 U
Fountain 3 ,10.1
Sacramento,""
Outdoor,""
Fountain 1 High* ,19
Fountain 1 Low* ,19.5
Sauganash,""
Indoor,""
Hallway ,0.474 J
Outdoor,""
Fountain 1 ,1.28 J
Fountain 2 High ,˂0.120 U
Fountain 2 Middle ,˂0.120 U
Fountain 2 Low ,˂0.120 U
Fountain 3 ,1.12 J
Schaefer,""
Outdoor,""
Fountain 1* ,34
Schreiber ,""
Outdoor,""
Fountain 1 High ,3.3
Fountain 1 Middle ,3.2
Fountain 1 Low ,3.5
Fountain 2 High ,<2.0 U
Fountain 2 Low ,<2.0 U
Scottsdale,""
Indoor,""
Hallway by Gym ,0.531 J
Outdoor,""
Fountain 1 ,6.44
Seneca,"",""
Outdoor ,"",""
Fountain 1 High ,"",<2.0 U
Fountain 1 Low ,"",<2.0 U
Senka,"",""
Outdoor,"",""
Fountain 1 High ,"",˂0.120 U
Fountain 1 Middle ,"",0.168 J
Fountain 1 Low ,"",0.482 J
Fountain 2 High ,"",0.168 J
Fountain 2 Middle ,"",0.202 J
Fountain 2 low ,"",0.295 J
Fountain 3 High ,"",˂0.120 U
Fountain 3 Middle ,"",0.179 J
Fountain 3 Low ,"",˂0.120 U
Fountain 4 High ,"",0.37 J
Fountain 4 Low ,"",0.263 J
Senn,"",""
Outdoor,"",""
Fountain 1 High ,"",<2.0 U
Fountain 1 Low ,"",<2.0 U
Fountain 2 High* ,"",26
Fountain 2  Low* ,"",8.5
Founatin 3 High* ,"",35
Fountain 3 Low* ,"",36
Fountain 4 high ,"",6.6
Fountain 4 Low ,"",7.2
Fountain 5 High ,"",<2.0 U
Founatin 5 Low ,"",<2.0 U
Seward,"",""
Indoor,"",""
Main Lobby ,"",<0.120  U
Kitchen Sink ,"",<2.0 U
Outdoor ,"",""
Fountain 1 High ,"",<2.0 U
Fountain 1 Low ,"",<2.0 U
Fountain 1 Dog ,"",<2.0 U
Fountain 2* ,"",110
Fountain 3 ,"",<2.0 U
Shabonna,"",""
Indoor,"",""
Lobby ,"",0.55 J
"",Basement by TR Room ,<0.120 U
"",Women's Locker Room ,0.96 J
"",Men's Locker Room ,<0.120 U
"",Outdoor,""
"",Fountain 1 High ,0.243J
"",Fountain 1 Middle ,0.227 J
"",Fountain 1 Low ,0.208 J
"",Fountain 2 High* ,16.8
"",Fountain 2 Low* ,17
"",Fountain 3 High ,8.25
"",Fountain 3 Low ,8.41
"",Fountain 4 High ,0.716 J
"",Fountain 4 Low ,0.718 J
Shedd,"",""
"",Indoor,""
"",By Gym ,0.679 J
"",By Lobby ,1.33 J
"",Kitchen Sink ,<2.0 U
"",Outdoor,""
"",Fountain 1 ,3.73 J
Sheil,"",""
"",Indoor,""
"",1st Floor by Restrooms ,0.489 J
"",2nd Floor by Theater Room ,0.962 J
"",Kitchen Sink ,<2.0 U
"",Outdoor,""
"",Fountain 1 ,˂2.0 U
Sheridan,"",""
"",Indoor,""
"",1st Floor Lobby ,<0.120 U
"",2nd Floor North Gym Entrance ,13.1
"",2nd Floor South Gym Entrance ,1.49 J
"",Men's Locker Room ,1.01 J
"",Pool Area - High ,0.465 J
"",Pool Area - Low ,0.46 J
"",Kitchen Sink ,<2.0 U
"",Outdoor ,""
"",Fountain 1 High* ,35
"",Fountain 1 Low* ,31
"",Fountain 2 High ,3.3
"",Fountain 2 Middle ,3.3
"",Fountain 2 Low ,3.2
Sherman,"",""
Indoor,"",""
Main Lobby ,"",0.241 J
Women's Locker Room ,"",<0.120 U
Men's Locker Room ,"",0.152 J
Outdoor,"",""
Fountain 1 High* ,"",58.6
Fountain 1 Low* ,"",69
Fountain 2 High ,"",<0.120 U
Fountain 2 Middle ,"",<0.120 U
Fountain 2 Low ,"",<0.120 U
Fountain 3 ,"",8.32
Fountain 4* ,"",19.6
Fountain 5* ,"",69.3
Fountain 6 High ,"",6.14
Fountain 6 Low ,"",7.55
Sherwood,"",""
Indoor,"",""
Lobby ,"",1.54 J
Kitchen Sink ,"",<2.0 U
Outdoor,"",""
Fountain 1 ,"",0.246 J
Fountain 2 ,"",<0.120 U
Fountain 3 High ,"",0.132 J
Fountain 3 Low ,"",0.156 J
Simons,"",""
Indoor,"",""
Lobby ,"",0.482 J
Outdoor,"",""
Fountain 1 High* ,"",16.6
Fountain 1 Low* ,"",18.9
Skinner,"",""
Indoor,"",""
Lobby ,"",0.195  J
Kitchen Sink ,"",<2.0 U
Outdoor ,"",""
Fountain 1 High ,"",˂2.0 U
Fountain 1 Low ,"",˂2.0 U
Fountain 1 Dog ,"",˂2.0 U
Fountain 2 High ,"",˂2.0 U
Fountain 2 Middle ,"",˂2.0 U
Fountain 2 Low ,"",˂2.0 U
Fountain 3 High ,"",˂2.0 U
Fountain 3 Low ,"",˂2.0 U
Fountain 3 Dog ,"",˂2.0 U
Smith (Joseph Higgins),""
Indoor,""
East End ,1.48 J
West End ,0.862 J
Kitchen Sink ,<2.0 U
Outdoor,""
Fountain 1 High* ,23.9
Fountain 1 Middle* ,23.7
Fountain 1 Low* ,23.2
Fountain 2* ,21.9
Fountain 3 ,3.28 J
Fountain 4 ,7.69
Smith (Wendell),""
Indoor,""
Main Lobby ,0.831  J
Outdoor ,""
Fountain 1 ,2.49 J
Fountain 2* ,67.5
Fountain 3* ,30.9
Snapping Turtle,""
Outdoor,""
Fountain 1 ,13.2
Snowberry,""
Outdoor,""
Fountain 1 ,7.31
South Lakeview,""
Outdoor,""
Fountain 1 High* ,18
Fountain 1 Low* ,17
South Shore Cultural Center,""
Indoor,""
Basement Near Restrooms ,<0.120 U
Near Art Gallery ,0.359 J
Near Restaurant ,0.373 J
Mezzanine Near Men's Room ,1.2 J
Oak Room Sink ,<2.0 U
CAN Sink ,<2.0 U
Dinning Room Sink ,<2.0 U
Spikings Farm,""
Outdoor,""
"",Fountain 1 High ,8.93
"",Fountain 1 Low ,9.91
Spruce,"",""
"",Outdoor,""
"",Fountain 1* ,24.8
Stanton,"",""
"",Indoor,""
"",Pool Area ,<0.120 U
"",Gym Entrance - High ,<0.120 U
"",Gym Entrance - Low ,<0.120 U
"",Kitchen Sink ,<2.0 U
"",Oudoor ,""
"",Fountain 1 ,<2.0 U
Starr,"",""
"",Outdoor ,""
"",Fountain 1 High ,<2.0 U
"",Fountain 1 Middle ,<2.0 U
"",Fountain 1 Low ,<2.0 U
Stars and Stripes,"",""
"",Outdoor,""
"",Fountain 1 High ,5.88
"",Fountain 1 Middle ,7.58
"",Fountain 1 Low ,6.66
Stout,"",""
"",Outdoor,""
"",Foutain 1 High* ,169
"",Foutain 1 Low* ,174
"",Foutain 2* ,19.9
Strohacker,"",""
"",Outdoor,""
"",Fountain 1* ,39.6
Sumac,"",""
"",Outdoor ,""
"",Fountain 1 High ,9.2
"",Fountain 1 Middle ,9.6
"",Fountain 1 Low ,9.0
Sun-Yet Sen,"",""
"",Outdoor ,""
"",Fountain 1 High ,<2.0 U
"",Fountain 1 Low ,<2.0 U
Supera,"",""
"",Outdoor,""
"",Fountain 1 High ,6.9
"",Fountain 1 Middle ,6.7
"",Fountain 1 Low ,6.6
Superior,"",""
"",Outdoor,""
"",Fountain 1 High* ,15.4
"",Fountain 1 Low* ,13.3
Sweet Clover,"",""
"",Outdoor,""
"",Fountain 1 High ,5.73
"",Fountain 1 Low ,6.4
Sycamore,"",""
"",Outdoor ,""
"",Fountian 1* ,142
Taylor,"",""
"",Indoor,""
"",Lobby ,<0.120 U
"",1st Floor Hallway ,0.191 J
"",2nd Floor Hallway ,1.82 J
"",Kitchen Sink ,<2.0 U
"",Outdoor ,""
"",Fountain 1 ,14
"",Fountain 2 ,9.5
Taylor Lauridsen,"",""
"",Indoor,""
"",Lobby ,<0.750 U
"",Fitness Center ,0.198 J
"",Kitchen Sink ,<2.0 U
"",Outdoor ,""
"",Fountain 1 High ,<0.120 U
"",Fountain 1 Middle ,0.157 J
"",Fountain 1 Low ,0.127 J
"",Fountain 2 ,14.8
Throop,"",""
"",Outdoor ,""
"",Fountain 1 ,<2.0 U
Thuis,"",""
Outdoor,"",""
Fountain 1* ,"",125
Till-Mobley,"",""
Outdoor ,"",""
Fountain 1 ,"",13.4
Tilton,"",""
Outdoor,"",""
Fountain 1 ,"",<0.120 U
Touhy,"",""
Indoor ,"",""
Game Room ,"",1.04 J
Outdoor,"",""
Fountain 1 High ,"",<2.0
Fountain 1 Middle ,"",<2.0
Fountain 1 Low ,"",<2.0
Fountain 2 High* ,"",52
Fountain 2 Low* ,"",100
Fountain 3* ,"",73
Touhy-Herbert,"",""
Outdoor ,"",""
Fountain 1 ,"",12
Fountain 2 ,"",3.9
Trebes,"",""
Outdoor,"",""
Fountain 2 ,"",˂2.0 U
Triangle,"",""
Outdoor,"",""
Fountain 1 High ,"",<2.0
Fountain 1 Low ,"",9
Trumbull,"",""
Indoor,"",""
Main Lobby ,"",<0.120  U
2nd Floor Near Washrooms ,"",0.247  J
North Lobby Near Gym ,"",1.28  J
Men's Locker Room ,"",4.90  J
Outdoor,"",""
Fountain 1 ,"",˂2.0 U
Fountain 2 ,"",˂2.0 U
Fountain 4 ,"",˂2.0 U
"","",Fountain 5 High ,˂2.0 U
"","",Fountain 6 High ,3.3
"","",Fountain 6 Low ,9.4
Tuley,"","",""
"",Indoor,"",""
"","",Lobby - High ,0.424 J
"","",Lobby - Low ,0.609 J
"","",Men's Locker Room ,9.75
"","",Women's Locker Room ,1.97 J
"",Outdoor ,"",""
"","",Fountain 1 ,4.49 J
"","",Fountain 2 High ,0.291 J
"","",Fountain 2 Low ,0.304 J
"","",Fountain 3 ,<0.120  U
"","",Fountain 4 ,10.3
"","",Fountain 5 ,0.153 J
"","",Fountain 6 ,0.389 J
"","",Fountain 7 High ,<0.120  U
"","",Fountain 7 Middle ,0.296 J
"","",Fountain 7 Low ,<0.120  U
Union,"","",""
"",Indoor,"",""
"","",2nd Floor Lobby ,1.77 J
"","",Near Game Room ,5.98
"","",1st Floor Lobby ,0.235 J
"","",Kitchen Sink ,<2.0 U
"",Outdoor,"",""
"","",Fountain 1* ,77
"","",Fountain 2 High ,˂2.0 U
"","",Fountain 2 Middle ,˂2.0 U
"","",Fountain 2 Low ,˂2.0 U
"","",Fountain 3 ,˂2.0 U
"","",Fountain 4 ,˂2.0 U
Union Gym Building,"","",""
"",Indoor,"",""
"","",Near Entrance ,<0.120 U
Unity,"","",""
"",Outdoor,"",""
"","",Fountain 1 ,<0.120 U
"","",Fountain 2 ,0.248 J
"","",Fountain 3 ,0.157 J
"","",Fountain 4 ,1.08 J
Valley Forge,"",""
Indoor,"",""
Lobby - High ,"",<0.120 U
Lobby - Low ,"",<0.120 U
Fitness Center - High ,"",0.17 J
Fitness Center - Low ,"",0.135 J
Outdoor,"",""
Fountain 1* ,"",36.5
Fountain 2 High ,"",3.66
Fountain 2 Middle ,"",3.43
Fountain 2 Low ,"",4.56
Veteran's Memorial,"",""
Indoor,"",""
Club Room ,"",2.85 J
Outdoor,"",""
Fountain 1 High ,"",<2.0 U
Fountain 1 Middle ,"",<2.0 U
Fountain 1 Low ,"",<2.0 U
Violet,"",""
Outdoor,"",""
Fountain 1 ,"",3.41 J
Vittum,"",""
Indoor,"",""
1st Floor by Office - High ,"",0.521 J
1st Floor by Office - Low ,"",0.459 J
2nd Floor by Special Rec - High ,"",0.542 J
2nd Floor by Special Rec - Low ,"",0.481 J
Kitchen Sink ,"",<2.0 J
Outdoor,"",""
Fountain 1 High ,"",10.5
Fountain 1 Low ,"",9.19
Fountain 2 High ,"",12.4
Fountain 2 Middle ,"",11.8
Fountain 2 Low ,"",10.3
Fountain 3 High ,"",12.4
Fountain 3 Low ,"",13.5
Vogle,"",""
Outdoor ,"",""
Fountain 1* ,"",51.6
Wallace,"",""
Outdoor,"",""
Fountain 1 High ,"",4.03 J
"",Fountain 1 Low ,4.45 J
Walnut,"",""
Outdoor,"",""
"",Fountain 1 High* ,34.9
"",Fountain 1 Low* ,33.8
Walsh,"",""
Outdoor,"",""
"",Fountain 1 High ,˂2.0 U
"",Fountain 1 Middle ,˂2.0 U
"",Fountain 1 Low ,˂2.0 U
"",Fountain 2 High ,˂2.0 U
"",Fountain 2 Middle ,˂2.0 U
"",Fountain 2 Low ,˂2.0 U
"",Fountain 3 High ,˂2.0 U
"",Fountain 3 Middle ,˂2.0 U
"",Fountain 3 Low ,˂2.0 U
"",Fountain 4 High* ,15
"",Fountain 4 Low* ,13
Wang,"",""
Outdoor,"",""
"",Fountain 1 High ,˂2.0 U
"",Fountain 1 Middle ,˂2.0 U
"",Fountain 1 Low ,˂2.0 U
Ward,"",""
Outdoor,"",""
"",Fountain 1 High ,˂2.0 U
"",Fountain 1 Low ,˂2.0 U
"",Fountain 1 Dog ,˂2.0 U
"",Fountain 2 High ,˂2.0 U
"",Fountain 2 Middle ,˂2.0 U
"",Fountain 2 Low ,˂2.0 U
Warren,"",""
Indoor,"",""
"",Main Lobby ,0.24 J
"",Outside Locker Room ,1.43 J
Outdoor ,"",""
"",Fountain 1* ,41
"",Fountain 2* ,186
"",Fountain 3* ,163
"",Fountain 3.5* ,21.4
"",Fountain 3.7* ,19.3
"",Fountain 4* ,50.4
Fountain 5* ,17.7
Fountain 6* ,40.9
Washington (George),""
Indoor,""
1st Floor Near Men's Room ,1.21  J
1st Floor Near Women's Room ,1.27  J
1st Floor North Hallway ,1.43  J
Women's Locker Room ,1.18  J
Men's Locker Room ,3.32  J
Dance Studio ,0.629  J
Outdoor,""
Fountain 1 ,3.84 J
Fountain 2 ,4.85 J
Fountain 3* ,24
Fountain 4* ,22.7
Fountain 5* ,15.4
Fountain 6* ,46.6
Fountain 7 ,5.13
Fountain 8 ,0.424 J
Fountain 9* ,35.9
Fountain 10 ,5.04
Fountain 11 ,0.749 J
Fountain 12 ,9
Fountain 13* ,30.8
Fountain 14 High ,0.177 J
Fountain 14 Low ,0.191 J
Fountain 15 High ,<0.120 U
Fountain 15 Middle ,<0.120 U
Fountain 15 Low ,<0.120 U
Fountain 16* ,24.9
Fountain 18 High ,0.12 J
Fountain 18 Low ,0.243 J
Washington (Harold),""
Outdoor,""
Fountain 1 ,2.09 J
Fountain 2 ,<0.120 U
Fountain 3 ,1.66 J
Washington Memorial ,""
Outdoor,""
Fountain 1 High ,<2.0 U
Fountain 1 Low ,<2.0 U
Washington Square,""
Outdoor,""
"",Fountain 1 High ,<2.0 U
"",Fountain 1 Low ,<2.0 U
Washtenaw,"",""
Indoor,"",""
"",Club Room* ,21
Outdoor,"",""
"",Fountain 1 High* ,10.3
"",Fountain 1 Middle* ,25.4
"",Fountain 1 Low* ,23.4
Webster,"",""
Outdoor ,"",""
"",Fountain 1 High ,<2.0 U
"",Fountain 1 Low ,<2.0 U
Weisman,"",""
Outdoor,"",""
"",Fountain 1 High ,2.0
"",Fountain 1 Middle ,˂2.0 U
"",Fountain 1 Low ,2.2
Welles,"",""
Indoor,"",""
"",Main Hallway ,0.414 J
"",Men's Locker Room ,8.98
"",Women's Locker Room ,2.3 J
"",Pool Deck ,0.555 J
Outdoor ,"",""
"",Fountain 1 High ,<0.120 U
"",Fountain 1 Midle ,<0.120 U
"",Fountain 1 Low ,<0.120 U
"",Fountain 2 High ,5.06
"",Fountain 2 Low ,5.38
"",Fountain 3 High ,2.9 J
"",Fountain 3 Middle ,1.13 J
"",Fountain 3 Low ,2.28 J
"",Fountain 4 High ,0.39 J
"",Fountain 4 Low ,0.397 J
"",Fountain 4 Dog ,0.125 J
Wendt,"",""
Outdoor,"",""
"",Fountain 1 ,3.6
Wentworth,"",""
Indoor,"",""
Lobby ,<0.120 U
Oudoor,""
Fountain 1 ,14.5
Fountain 2 High ,<0.120 U
Fountain 2 Middle ,<0.120 U
Fountain 2 Low ,<0.120 U
Fountain 3* ,54.7
Wentworth Garden,""
Indoor,""
Near Lobby ,<2.0 U
Kithen Sink ,<2.0 U
Outdoor ,""
Fountain 1 High ,<0.120 U
Fountain 1 Low ,<0.120 U
Wesolek,""
Outdoor,""
Fountain 1 High* ,30
Fountain 1 Low* ,21
West Chatham,""
Indoor,""
Main Lobby ,1.37  J
Outdoor,""
Fountain 1 ,0.96 J
Fountain 2 High ,<0.120 U
Fountain 2 Low ,<0.120 U
West Lawn,""
Indoor,""
Hallway by Kitchen - High ,0.659  J
Hallway by Kitchen - Low ,0.417  J
Men's Locker Room - North ,1.07  J
Men's Locker Room - South ,0.996  J
Women's Locker Room - High ,1.1  J
Women's Locker Room - Low ,0.867  J
Outdoor,""
Fountain 1 High ,4.50 J
Fountain 1 Middle ,5.48
Fountain 1 Low ,8.1
Fountain 2 High* ,15.3
Fountain 2 Low* ,14
Fountain 3 High ,2.47 J
Fountain 3 Low ,2.47 J
Fountain 4 High ,2.71 J
Fountain 4 Low ,3.44 J
"",Fountain 5 High* ,38.6
"",Fountain 5 Low* ,39
West Pullman,"",""
Indoor,"",""
"",Pool Deck Area ,2.19  J
"",Main Lobby ,<0.120  U
"",Main Level Near Gym ,0.289  J
"",Lower Level Club Room ,0.744  J
Outdoor ,"",""
"",Fountain 1* ,19.9
Western,"",""
Outdoor,"",""
"",Fountain 1 High ,8.16
"",Fountain 1 Low ,8.36
White,"",""
Outdoor,"",""
"",Fountain 1* ,28.2
Wicker,"",""
Indoor,"",""
"",Lobby ,0.194  J
"",Kitchen Sink ,<2.0 U
Outdoor,"",""
"",Fountain 1 High ,0.53 J
"",Fountain 1 Low ,1.23 J
"",Fountain 2* ,34.8
"",Fountain - Dog ,˂0.120 U
"",Fountain 5 ,5.31
Wieboldt,"",""
Outdoor,"",""
"",Fountain 1* ,60
Wildwood,"",""
Outdoor,"",""
"",Fountain 1 High* ,21.9
"",Fountain 1 Low* ,22.4
"",Fountain 2 High* ,31.8
"",Fountain 2 Low* ,16.1
Williams,"",""
Outdoor ,"",""
"",Fountain 2 ,4.1
Williams-Davis,""
Outdoor ,""
Fountain 1 High ,<2.0 U
Fountain 1 Low ,<2.0 U
Willye White ,""
Indoor,""
Lobby ,<0.120 U
Gym Hallway West ,<0.120 U
Outdoor,""
Fountain 1 High ,<2.0
Fountain 1 Low ,˂2.0 U
Wilson (Frank),""
Indoor,""
Club Room ,0.201 J
Outdoor,""
Fountain 1* ,51.2
Fountain 2 High* ,1.21 J
Fountain 2 Middle* ,49.6
Fountain 2 Low* ,<0.120 U
Fountain 3* ,23.9
Wilson (John) Community Center,""
Indoor,""
Hallway Near Washrooms ,0.789  J
Outdoor,""
Fountain 1 High ,4.11 J
Fountain 1 Low ,5.26
Winnemac,""
Outdoor ,""
Fountain 1 High ,0.121 J
Fountain 1 Middle ,0.121 J
Fountain 1 Low ,<0.120 U
Wolcott,""
Outdoor,""
Fountain 1 High ,14.8
Fountain 1 Low ,14.4
Wolfe,""
Indoor,""
Main Lobby ,1.18 J
Outdoor,""
Fountain 1 ,4
Woodhull,""
Indoor,""
Main Lobby ,0.231  J
Outdoor,""
Fountain 1 High ,0.381 J
Fountain 1 Middle ,0.717 J
Fountain 1 Low ,0.284 J 
Wrightwood,""
Outdoor,""
Fountain 1 Low* ,26
Fountain 1 Middle* ,31
Fountain 1 High* ,26
Fountain 2* ,24
Zatterberg,""
Outdoor,""
Fountain 1* ,86